date,RON_95III,RON_95II,DO_05SII,KO
8/22/2018,21.17,19.61,17.68,16.26
8/23/2018,21.47,19.91,18.06,16.55
8/24/2018,21.47,19.91,18.06,16.55
8/25/2018,21.47,19.91,18.06,16.55
8/26/2018,21.47,19.91,18.06,16.55
8/27/2018,21.47,19.91,18.06,16.55
8/28/2018,21.47,19.91,18.06,16.55
8/29/2018,21.47,19.91,18.06,16.55
8/30/2018,21.47,19.91,18.06,16.55
8/31/2018,21.47,19.91,18.06,16.55
9/1/2018,21.47,19.91,18.06,16.55
9/2/2018,21.47,19.91,18.06,16.55
9/3/2018,21.47,19.91,18.06,16.55
9/4/2018,21.47,19.91,18.06,16.55
9/5/2018,21.47,19.91,18.06,16.55
9/6/2018,21.47,19.91,18.06,16.55
9/7/2018,21.77,20.23,18.12,16.68
9/8/2018,21.77,20.23,18.12,16.68
9/9/2018,21.77,20.23,18.12,16.68
9/10/2018,21.77,20.23,18.12,16.68
9/11/2018,21.77,20.23,18.12,16.68
9/12/2018,21.77,20.23,18.12,16.68
9/13/2018,21.77,20.23,18.12,16.68
9/14/2018,21.77,20.23,18.12,16.68
9/15/2018,21.77,20.23,18.12,16.68
9/16/2018,21.77,20.23,18.12,16.68
9/17/2018,21.77,20.23,18.12,16.68
9/18/2018,21.77,20.23,18.12,16.68
9/19/2018,21.77,20.23,18.12,16.68
9/20/2018,21.77,20.23,18.12,16.68
9/21/2018,21.77,20.23,18.12,16.68
9/22/2018,22.34,20.9,18.61,17.08
9/23/2018,22.34,20.9,18.61,17.08
9/24/2018,22.34,20.9,18.61,17.08
9/25/2018,22.34,20.9,18.61,17.08
9/26/2018,22.34,20.9,18.61,17.08
9/27/2018,22.34,20.9,18.61,17.08
9/28/2018,22.34,20.9,18.61,17.08
9/29/2018,22.34,20.9,18.61,17.08
9/30/2018,22.34,20.9,18.61,17.08
10/1/2018,22.34,20.9,18.61,17.08
10/2/2018,22.34,20.9,18.61,17.08
10/3/2018,22.34,20.9,18.61,17.08
10/4/2018,22.34,20.9,18.61,17.08
10/5/2018,22.34,20.9,18.61,17.08
10/6/2018,22.34,20.9,18.61,17.08
10/7/2018,22.2,20.68,18.61,17.08
10/8/2018,22.2,20.68,18.61,17.08
10/9/2018,22.2,20.68,18.61,17.08
10/10/2018,22.2,20.68,18.61,17.08
10/11/2018,22.2,20.68,18.61,17.08
10/12/2018,22.2,20.68,18.61,17.08
10/13/2018,22.2,20.68,18.61,17.08
10/14/2018,22.2,20.68,18.61,17.08
10/15/2018,22.2,20.68,18.61,17.08
10/16/2018,22.2,20.68,18.61,17.08
10/17/2018,22.2,20.68,18.61,17.08
10/18/2018,22.2,20.68,18.61,17.08
10/19/2018,22.2,20.68,18.61,17.08
10/20/2018,22.2,20.68,18.61,17.08
10/21/2018,22.2,20.68,18.61,17.08
10/22/2018,22.2,20.68,18.61,17.08
10/23/2018,21.06,19.6,18.54,17.08
10/24/2018,21.06,19.6,18.54,17.08
10/25/2018,21.06,19.6,18.54,17.08
10/26/2018,21.06,19.6,18.54,17.08
10/27/2018,21.06,19.6,18.54,17.08
10/28/2018,21.06,19.6,18.54,17.08
10/29/2018,21.06,19.6,18.54,17.08
10/30/2018,21.06,19.6,18.54,17.08
10/31/2018,21.06,19.6,18.54,17.08
11/1/2018,21.06,19.6,18.54,17.08
11/2/2018,21.06,19.6,18.54,17.08
11/3/2018,21.06,19.6,18.54,17.08
11/4/2018,21.06,19.6,18.54,17.08
11/5/2018,21.06,19.6,18.54,17.08
11/6/2018,21.06,19.6,18.54,17.08
11/7/2018,19.97,18.62,17.63,16.24
11/8/2018,19.97,18.62,17.63,16.24
11/9/2018,19.97,18.62,17.63,16.24
11/10/2018,19.97,18.62,17.63,16.24
11/11/2018,19.97,18.62,17.63,16.24
11/12/2018,19.97,18.62,17.63,16.24
11/13/2018,19.97,18.62,17.63,16.24
11/14/2018,19.97,18.62,17.63,16.24
11/15/2018,19.97,18.62,17.63,16.24
11/16/2018,19.97,18.62,17.63,16.24
11/17/2018,19.97,18.62,17.63,16.24
11/18/2018,19.97,18.62,17.63,16.24
11/19/2018,19.97,18.62,17.63,16.24
11/20/2018,19.97,18.62,17.63,16.24
11/21/2018,19.97,18.62,17.63,16.24
11/22/2018,18.45,17.18,16.25,15.25
11/23/2018,18.45,17.18,16.25,15.25
11/24/2018,18.45,17.18,16.25,15.25
11/25/2018,18.45,17.18,16.25,15.25
11/26/2018,18.45,17.18,16.25,15.25
11/27/2018,18.45,17.18,16.25,15.25
11/28/2018,18.45,17.18,16.25,15.25
11/29/2018,18.45,17.18,16.25,15.25
11/30/2018,18.45,17.18,16.25,15.25
12/1/2018,18.45,17.18,16.25,15.25
12/2/2018,18.45,17.18,16.25,15.25
12/3/2018,18.45,17.18,16.25,15.25
12/4/2018,18.45,17.18,16.25,15.25
12/5/2018,18.45,17.18,16.25,15.25
12/6/2018,18.45,17.18,16.25,15.25
12/7/2018,18.14,16.78,16,15
12/8/2018,18.14,16.78,16,15
12/9/2018,18.14,16.78,16,15
12/10/2018,18.14,16.78,16,15
12/11/2018,18.14,16.78,16,15
12/12/2018,18.14,16.78,16,15
12/13/2018,18.14,16.78,16,15
12/14/2018,18.14,16.78,16,15
12/15/2018,18.14,16.78,16,15
12/16/2018,18.14,16.78,16,15
12/17/2018,18.14,16.78,16,15
12/18/2018,18.14,16.78,16,15
12/19/2018,18.14,16.78,16,15
12/20/2018,18.14,16.78,16,15
12/21/2018,18.14,16.78,16,15
12/22/2018,17.6,16.27,14.9,14.18
12/23/2018,17.6,16.27,14.9,14.18
12/24/2018,17.6,16.27,14.9,14.18
12/25/2018,17.6,16.27,14.9,14.18
12/26/2018,17.6,16.27,14.9,14.18
12/27/2018,17.6,16.27,14.9,14.18
12/28/2018,17.6,16.27,14.9,14.18
12/29/2018,17.6,16.27,14.9,14.18
12/30/2018,17.6,16.27,14.9,14.18
12/31/2018,17.6,16.27,14.9,14.18
1/1/2019,17.6,16.27,14.9,14.18
1/2/2019,17.6,16.27,14.9,14.18
1/3/2019,17.6,16.27,14.9,14.18
1/4/2019,17.6,16.27,14.9,14.18
1/5/2019,17.6,16.27,14.9,14.18
1/6/2019,17.6,16.27,14.9,14.18
1/7/2019,17.6,16.27,14.9,14.18
1/8/2019,17.6,16.27,14.9,14.18
1/9/2019,17.6,16.27,14.9,14.18
1/10/2019,17.6,16.27,14.9,14.18
1/11/2019,17.6,16.27,14.9,14.18
1/12/2019,17.6,16.27,14.9,14.18
1/13/2019,17.6,16.27,14.9,14.18
1/14/2019,17.6,16.27,14.9,14.18
1/15/2019,17.6,16.27,14.9,14.18
1/16/2019,17.6,16.27,14.9,14.18
1/17/2019,17.6,16.27,14.9,14.18
1/18/2019,17.6,16.27,14.9,14.18
1/19/2019,17.6,16.27,14.9,14.18
1/20/2019,17.6,16.27,14.9,14.18
1/21/2019,17.6,16.27,14.9,14.18
1/22/2019,17.6,16.27,14.9,14.18
1/23/2019,17.6,16.27,14.9,14.18
1/24/2019,17.6,16.27,14.9,14.18
1/25/2019,17.6,16.27,14.9,14.18
1/26/2019,17.6,16.27,14.9,14.18
1/27/2019,17.6,16.27,14.9,14.18
1/28/2019,17.6,16.27,14.9,14.18
1/29/2019,17.6,16.27,14.9,14.18
1/30/2019,17.6,16.27,14.9,14.18
1/31/2019,17.6,16.27,14.9,14.18
2/1/2019,17.6,16.27,14.9,14.18
2/2/2019,17.6,16.27,14.9,14.18
2/3/2019,17.6,16.27,14.9,14.18
2/4/2019,17.6,16.27,14.9,14.18
2/5/2019,17.6,16.27,14.9,14.18
2/6/2019,17.6,16.27,14.9,14.18
2/7/2019,17.6,16.27,14.9,14.18
2/8/2019,17.6,16.27,14.9,14.18
2/9/2019,17.6,16.27,14.9,14.18
2/10/2019,17.6,16.27,14.9,14.18
2/11/2019,17.6,16.27,14.9,14.18
2/12/2019,17.6,16.27,14.9,14.18
2/13/2019,17.6,16.27,14.9,14.18
2/14/2019,17.6,16.27,14.9,14.18
2/15/2019,17.6,16.27,14.9,14.18
2/16/2019,18.54,17.21,15.86,14.88
2/17/2019,18.54,17.21,15.86,14.88
2/18/2019,18.54,17.21,15.86,14.88
2/19/2019,18.54,17.21,15.86,14.88
2/20/2019,18.54,17.21,15.86,14.88
2/21/2019,18.54,17.21,15.86,14.88
2/22/2019,18.54,17.21,15.86,14.88
2/23/2019,18.54,17.21,15.86,14.88
2/24/2019,18.54,17.21,15.86,14.88
2/25/2019,18.54,17.21,15.86,14.88
2/26/2019,18.54,17.21,15.86,14.88
2/27/2019,18.54,17.21,15.86,14.88
2/28/2019,18.54,17.21,15.86,14.88
3/1/2019,18.54,17.21,15.86,14.88
3/2/2019,18.54,17.21,15.86,14.88
3/3/2019,18.54,17.21,15.86,14.88
3/4/2019,18.54,17.21,15.86,14.88
3/5/2019,18.54,17.21,15.86,14.88
3/6/2019,18.54,17.21,15.86,14.88
3/7/2019,18.54,17.21,15.86,14.88
3/8/2019,18.54,17.21,15.86,14.88
3/9/2019,18.54,17.21,15.86,14.88
3/10/2019,18.54,17.21,15.86,14.88
3/11/2019,18.54,17.21,15.86,14.88
3/12/2019,18.54,17.21,15.86,14.88
3/13/2019,18.54,17.21,15.86,14.88
3/14/2019,18.54,17.21,15.86,14.88
3/15/2019,18.54,17.21,15.86,14.88
3/16/2019,18.54,17.21,15.86,14.88
3/17/2019,18.54,17.21,15.86,14.88
3/18/2019,18.54,17.21,15.86,14.88
3/19/2019,20.03,18.58,17.08,15.97
3/20/2019,20.03,18.58,17.08,15.97
3/21/2019,20.03,18.58,17.08,15.97
3/22/2019,20.03,18.58,17.08,15.97
3/23/2019,20.03,18.58,17.08,15.97
3/24/2019,20.03,18.58,17.08,15.97
3/25/2019,20.03,18.58,17.08,15.97
3/26/2019,20.03,18.58,17.08,15.97
3/27/2019,20.03,18.58,17.08,15.97
3/28/2019,20.03,18.58,17.08,15.97
3/29/2019,20.03,18.58,17.08,15.97
3/30/2019,20.03,18.58,17.08,15.97
3/31/2019,20.03,18.58,17.08,15.97
4/1/2019,20.03,18.58,17.08,15.97
4/2/2019,20.03,18.58,17.08,15.97
4/3/2019,21.23,19.7,17.38,16.26
4/4/2019,21.23,19.7,17.38,16.26
4/5/2019,21.23,19.7,17.38,16.26
4/6/2019,21.23,19.7,17.38,16.26
4/7/2019,21.23,19.7,17.38,16.26
4/8/2019,21.23,19.7,17.38,16.26
4/9/2019,21.23,19.7,17.38,16.26
4/10/2019,21.23,19.7,17.38,16.26
4/11/2019,21.23,19.7,17.38,16.26
4/12/2019,21.23,19.7,17.38,16.26
4/13/2019,21.23,19.7,17.38,16.26
4/14/2019,21.23,19.7,17.38,16.26
4/15/2019,21.23,19.7,17.38,16.26
4/16/2019,21.23,19.7,17.38,16.26
4/17/2019,21.23,19.7,17.38,16.26
4/18/2019,22.19,20.68,17.69,16.62
4/19/2019,22.19,20.68,17.69,16.62
4/20/2019,22.19,20.68,17.69,16.62
4/21/2019,22.19,20.68,17.69,16.62
4/22/2019,22.19,20.68,17.69,16.62
4/23/2019,22.19,20.68,17.69,16.62
4/24/2019,22.19,20.68,17.69,16.62
4/25/2019,22.19,20.68,17.69,16.62
4/26/2019,22.19,20.68,17.69,16.62
4/27/2019,22.19,20.68,17.69,16.62
4/28/2019,22.19,20.68,17.69,16.62
4/29/2019,22.19,20.68,17.69,16.62
4/30/2019,22.19,20.68,17.69,16.62
5/1/2019,22.19,20.68,17.69,16.62
5/2/2019,22.19,20.68,17.69,16.62
5/3/2019,21.59,20.48,17.61,16.42
5/4/2019,21.59,20.48,17.61,16.42
5/5/2019,21.59,20.48,17.61,16.42
5/6/2019,21.59,20.48,17.61,16.42
5/7/2019,21.59,20.48,17.61,16.42
5/8/2019,21.59,20.48,17.61,16.42
5/9/2019,21.59,20.48,17.61,16.42
5/10/2019,21.59,20.48,17.61,16.42
5/11/2019,21.59,20.48,17.61,16.42
5/12/2019,21.59,20.48,17.61,16.42
5/13/2019,21.59,20.48,17.61,16.42
5/14/2019,21.59,20.48,17.61,16.42
5/15/2019,21.59,20.48,17.61,16.42
5/16/2019,21.59,20.48,17.61,16.42
5/17/2019,21.59,20.48,17.61,16.42
5/18/2019,21.21,20.21,17.39,16.22
5/19/2019,21.21,20.21,17.39,16.22
5/20/2019,21.21,20.21,17.39,16.22
5/21/2019,21.21,20.21,17.39,16.22
5/22/2019,21.21,20.21,17.39,16.22
5/23/2019,21.21,20.21,17.39,16.22
5/24/2019,21.21,20.21,17.39,16.22
5/25/2019,21.21,20.21,17.39,16.22
5/26/2019,21.21,20.21,17.39,16.22
5/27/2019,21.21,20.21,17.39,16.22
5/28/2019,21.21,20.21,17.39,16.22
5/29/2019,21.21,20.21,17.39,16.22
5/30/2019,21.21,20.21,17.39,16.22
5/31/2019,21.21,20.21,17.39,16.22
6/1/2019,21.21,20.21,17.39,16.22
6/2/2019,20.13,19.23,16.65,15.61
6/3/2019,20.13,19.23,16.65,15.61
6/4/2019,20.13,19.23,16.65,15.61
6/5/2019,20.13,19.23,16.65,15.61
6/6/2019,20.13,19.23,16.65,15.61
6/7/2019,20.13,19.23,16.65,15.61
6/8/2019,20.13,19.23,16.65,15.61
6/9/2019,20.13,19.23,16.65,15.61
6/10/2019,20.13,19.23,16.65,15.61
6/11/2019,20.13,19.23,16.65,15.61
6/12/2019,20.13,19.23,16.65,15.61
6/13/2019,20.13,19.23,16.65,15.61
6/14/2019,20.13,19.23,16.65,15.61
6/15/2019,20.13,19.23,16.65,15.61
6/16/2019,20.13,19.23,16.65,15.61
6/17/2019,20.13,19.23,16.65,15.61
6/18/2019,20.51,19.65,16.94,15.93
6/19/2019,20.51,19.65,16.94,15.93
6/20/2019,20.51,19.65,16.94,15.93
6/21/2019,20.51,19.65,16.94,15.93
6/22/2019,20.51,19.65,16.94,15.93
6/23/2019,20.51,19.65,16.94,15.93
6/24/2019,20.51,19.65,16.94,15.93
6/25/2019,20.51,19.65,16.94,15.93
6/26/2019,20.51,19.65,16.94,15.93
6/27/2019,20.51,19.65,16.94,15.93
6/28/2019,20.51,19.65,16.94,15.93
6/29/2019,20.51,19.65,16.94,15.93
6/30/2019,20.51,19.65,16.94,15.93
7/1/2019,20.51,19.65,16.94,15.93
7/2/2019,20.51,19.65,16.94,15.93
7/3/2019,21.23,20.27,16.99,15.95
7/4/2019,21.23,20.27,16.99,15.95
7/5/2019,21.23,20.27,16.99,15.95
7/6/2019,21.23,20.27,16.99,15.95
7/7/2019,21.23,20.27,16.99,15.95
7/8/2019,21.23,20.27,16.99,15.95
7/9/2019,21.23,20.27,16.99,15.95
7/10/2019,21.23,20.27,16.99,15.95
7/11/2019,21.23,20.27,16.99,15.95
7/12/2019,21.23,20.27,16.99,15.95
7/13/2019,21.23,20.27,16.99,15.95
7/14/2019,21.23,20.27,16.99,15.95
7/15/2019,21.23,20.27,16.99,15.95
7/16/2019,21.23,20.27,16.99,15.95
7/17/2019,21.23,20.27,16.99,15.95
7/18/2019,20.91,19.9,17.02,15.96
7/19/2019,20.91,19.9,17.02,15.96
7/20/2019,20.91,19.9,17.02,15.96
7/21/2019,20.91,19.9,17.02,15.96
7/22/2019,20.91,19.9,17.02,15.96
7/23/2019,20.91,19.9,17.02,15.96
7/24/2019,20.91,19.9,17.02,15.96
7/25/2019,20.91,19.9,17.02,15.96
7/26/2019,20.91,19.9,17.02,15.96
7/27/2019,20.91,19.9,17.02,15.96
7/28/2019,20.91,19.9,17.02,15.96
7/29/2019,20.91,19.9,17.02,15.96
7/30/2019,20.91,19.9,17.02,15.96
7/31/2019,20.91,19.9,17.02,15.96
8/1/2019,20.91,19.9,17.02,15.96
8/2/2019,20.4,19.35,16.5,15.39
8/3/2019,20.4,19.35,16.5,15.39
8/4/2019,20.4,19.35,16.5,15.39
8/5/2019,20.4,19.35,16.5,15.39
8/6/2019,20.4,19.35,16.5,15.39
8/7/2019,20.4,19.35,16.5,15.39
8/8/2019,20.4,19.35,16.5,15.39
8/9/2019,20.4,19.35,16.5,15.39
8/10/2019,20.4,19.35,16.5,15.39
8/11/2019,20.4,19.35,16.5,15.39
8/12/2019,20.4,19.35,16.5,15.39
8/13/2019,20.4,19.35,16.5,15.39
8/14/2019,20.4,19.35,16.5,15.39
8/15/2019,20.4,19.35,16.5,15.39
8/16/2019,20.4,19.35,16.5,15.39
8/17/2019,20.23,19.22,16.33,15.32
8/18/2019,20.23,19.22,16.33,15.32
8/19/2019,20.23,19.22,16.33,15.32
8/20/2019,20.23,19.22,16.33,15.32
8/21/2019,20.23,19.22,16.33,15.32
8/22/2019,20.23,19.22,16.33,15.32
8/23/2019,20.23,19.22,16.33,15.32
8/24/2019,20.23,19.22,16.33,15.32
8/25/2019,20.23,19.22,16.33,15.32
8/26/2019,20.23,19.22,16.33,15.32
8/27/2019,20.23,19.22,16.33,15.32
8/28/2019,20.23,19.22,16.33,15.32
8/29/2019,20.23,19.22,16.33,15.32
8/30/2019,20.23,19.22,16.33,15.32
8/31/2019,20.23,19.22,16.33,15.32
9/1/2019,20.14,19.11,16.2,15.36
9/2/2019,20.14,19.11,16.2,15.36
9/3/2019,20.14,19.11,16.2,15.36
9/4/2019,20.14,19.11,16.2,15.36
9/5/2019,20.14,19.11,16.2,15.36
9/6/2019,20.14,19.11,16.2,15.36
9/7/2019,20.14,19.11,16.2,15.36
9/8/2019,20.14,19.11,16.2,15.36
9/9/2019,20.14,19.11,16.2,15.36
9/10/2019,20.14,19.11,16.2,15.36
9/11/2019,20.14,19.11,16.2,15.36
9/12/2019,20.14,19.11,16.2,15.36
9/13/2019,20.14,19.11,16.2,15.36
9/14/2019,20.14,19.11,16.2,15.36
9/15/2019,20.14,19.11,16.2,15.36
9/16/2019,20.14,19.11,16.2,15.36
9/17/2019,21.06,19.78,16.63,15.78
9/18/2019,21.06,19.78,16.63,15.78
9/19/2019,21.06,19.78,16.63,15.78
9/20/2019,21.06,19.78,16.63,15.78
9/21/2019,21.06,19.78,16.63,15.78
9/22/2019,21.06,19.78,16.63,15.78
9/23/2019,21.06,19.78,16.63,15.78
9/24/2019,21.06,19.78,16.63,15.78
9/25/2019,21.06,19.78,16.63,15.78
9/26/2019,21.06,19.78,16.63,15.78
9/27/2019,21.06,19.78,16.63,15.78
9/28/2019,21.06,19.78,16.63,15.78
9/29/2019,21.06,19.78,16.63,15.78
9/30/2019,21.06,19.78,16.63,15.78
10/1/2019,21.06,19.78,16.63,15.78
10/2/2019,20.79,20.79,16.22,15.25
10/3/2019,20.79,20.79,16.22,15.25
10/4/2019,20.79,20.79,16.22,15.25
10/5/2019,20.79,20.79,16.22,15.25
10/6/2019,20.79,20.79,16.22,15.25
10/7/2019,20.79,20.79,16.22,15.25
10/8/2019,20.79,20.79,16.22,15.25
10/9/2019,20.79,20.79,16.22,15.25
10/10/2019,20.79,20.79,16.22,15.25
10/11/2019,20.79,20.79,16.22,15.25
10/12/2019,20.79,20.79,16.22,15.25
10/13/2019,20.79,20.79,16.22,15.25
10/14/2019,20.79,20.79,16.22,15.25
10/15/2019,20.79,20.79,16.22,15.25
10/16/2019,20.79,20.79,16.22,15.25
10/17/2019,20.44,19.25,16.05,15.13
10/18/2019,20.44,19.25,16.05,15.13
10/19/2019,20.44,19.25,16.05,15.13
10/20/2019,20.44,19.25,16.05,15.13
10/21/2019,20.44,19.25,16.05,15.13
10/22/2019,20.44,19.25,16.05,15.13
10/23/2019,20.44,19.25,16.05,15.13
10/24/2019,20.44,19.25,16.05,15.13
10/25/2019,20.44,19.25,16.05,15.13
10/26/2019,20.44,19.25,16.05,15.13
10/27/2019,20.44,19.25,16.05,15.13
10/28/2019,20.44,19.25,16.05,15.13
10/29/2019,20.44,19.25,16.05,15.13
10/30/2019,20.44,19.25,16.05,15.13
10/31/2019,20.44,19.25,16.05,15.13
11/1/2019,20.79,19.5,15.96,14.96
11/2/2019,20.79,19.5,15.96,14.96
11/3/2019,20.79,19.5,15.96,14.96
11/4/2019,20.79,19.5,15.96,14.96
11/5/2019,20.79,19.5,15.96,14.96
11/6/2019,20.79,19.5,15.96,14.96
11/7/2019,20.79,19.5,15.96,14.96
11/8/2019,20.79,19.5,15.96,14.96
11/9/2019,20.79,19.5,15.96,14.96
11/10/2019,20.79,19.5,15.96,14.96
11/11/2019,20.79,19.5,15.96,14.96
11/12/2019,20.79,19.5,15.96,14.96
11/13/2019,20.79,19.5,15.96,14.96
11/14/2019,20.79,19.5,15.96,14.96
11/15/2019,20.79,19.5,15.96,14.96
11/16/2019,21.07,19.81,15.98,14.96
11/17/2019,21.07,19.81,15.98,14.96
11/18/2019,21.07,19.81,15.98,14.96
11/19/2019,21.07,19.81,15.98,14.96
11/20/2019,21.07,19.81,15.98,14.96
11/21/2019,21.07,19.81,15.98,14.96
11/22/2019,21.07,19.81,15.98,14.96
11/23/2019,21.07,19.81,15.98,14.96
11/24/2019,21.07,19.81,15.98,14.96
11/25/2019,21.07,19.81,15.98,14.96
11/26/2019,21.07,19.81,15.98,14.96
11/27/2019,21.07,19.81,15.98,14.96
11/28/2019,21.07,19.81,15.98,14.96
11/29/2019,21.07,19.81,15.98,14.96
11/30/2019,21.07,19.81,15.98,14.96
12/1/2019,20.88,19.72,16.06,15.01
12/2/2019,20.88,19.72,16.06,15.01
12/3/2019,20.88,19.72,16.06,15.01
12/4/2019,20.88,19.72,16.06,15.01
12/5/2019,20.88,19.72,16.06,15.01
12/6/2019,20.88,19.72,16.06,15.01
12/7/2019,20.88,19.72,16.06,15.01
12/8/2019,20.88,19.72,16.06,15.01
12/9/2019,20.88,19.72,16.06,15.01
12/10/2019,20.88,19.72,16.06,15.01
12/11/2019,20.88,19.72,16.06,15.01
12/12/2019,20.88,19.72,16.06,15.01
12/13/2019,20.88,19.72,16.06,15.01
12/14/2019,20.88,19.72,16.06,15.01
12/15/2019,20.88,19.72,16.06,15.01
12/16/2019,20.88,19.72,16.06,15.01
12/17/2019,20.99,19.88,16.59,15.58
12/18/2019,20.99,19.88,16.59,15.58
12/19/2019,20.99,19.88,16.59,15.58
12/20/2019,20.99,19.88,16.59,15.58
12/21/2019,20.99,19.88,16.59,15.58
12/22/2019,20.99,19.88,16.59,15.58
12/23/2019,20.99,19.88,16.59,15.58
12/24/2019,20.99,19.88,16.59,15.58
12/25/2019,20.99,19.88,16.59,15.58
12/26/2019,20.99,19.88,16.59,15.58
12/27/2019,20.99,19.88,16.59,15.58
12/28/2019,20.99,19.88,16.59,15.58
12/29/2019,20.99,19.88,16.59,15.58
12/30/2019,20.99,19.88,16.59,15.58
12/31/2019,20.99,19.88,16.59,15.58
1/1/2020,20.91,19.84,16.54,15.53
1/2/2020,20.91,19.84,16.54,15.53
1/3/2020,20.91,19.84,16.54,15.53
1/4/2020,20.91,19.84,16.54,15.53
1/5/2020,20.91,19.84,16.54,15.53
1/6/2020,20.91,19.84,16.54,15.53
1/7/2020,20.91,19.84,16.54,15.53
1/8/2020,20.91,19.84,16.54,15.53
1/9/2020,20.91,19.84,16.54,15.53
1/10/2020,20.91,19.84,16.54,15.53
1/11/2020,20.91,19.84,16.54,15.53
1/12/2020,20.91,19.84,16.54,15.53
1/13/2020,20.91,19.84,16.54,15.53
1/14/2020,20.91,19.84,16.54,15.53
1/15/2020,20.91,19.84,16.54,15.53
1/16/2020,20.12,19.26,16.13,15.06
1/17/2020,20.12,19.26,16.13,15.06
1/18/2020,20.12,19.26,16.13,15.06
1/19/2020,20.12,19.26,16.13,15.06
1/20/2020,20.12,19.26,16.13,15.06
1/21/2020,20.12,19.26,16.13,15.06
1/22/2020,20.12,19.26,16.13,15.06
1/23/2020,20.12,19.26,16.13,15.06
1/24/2020,20.12,19.26,16.13,15.06
1/25/2020,20.12,19.26,16.13,15.06
1/26/2020,20.12,19.26,16.13,15.06
1/27/2020,20.12,19.26,16.13,15.06
1/28/2020,20.12,19.26,16.13,15.06
1/29/2020,20.12,19.26,16.13,15.06
1/30/2020,20.12,19.26,16.13,15.06
1/31/2020,19.38,18.5,15.17,13.95
2/1/2020,19.38,18.5,15.17,13.95
2/2/2020,19.38,18.5,15.17,13.95
2/3/2020,19.38,18.5,15.17,13.95
2/4/2020,19.38,18.5,15.17,13.95
2/5/2020,19.38,18.5,15.17,13.95
2/6/2020,19.38,18.5,15.17,13.95
2/7/2020,19.38,18.5,15.17,13.95
2/8/2020,19.38,18.5,15.17,13.95
2/9/2020,19.38,18.5,15.17,13.95
2/10/2020,19.38,18.5,15.17,13.95
2/11/2020,19.38,18.5,15.17,13.95
2/12/2020,19.38,18.5,15.17,13.95
2/13/2020,19.38,18.5,15.17,13.95
2/14/2020,19.38,18.5,15.17,13.95
2/15/2020,19.12,18.34,14.78,13.67
2/16/2020,19.12,18.34,14.78,13.67
2/17/2020,19.12,18.34,14.78,13.67
2/18/2020,19.12,18.34,14.78,13.67
2/19/2020,19.12,18.34,14.78,13.67
2/20/2020,19.12,18.34,14.78,13.67
2/21/2020,19.12,18.34,14.78,13.67
2/22/2020,19.12,18.34,14.78,13.67
2/23/2020,19.12,18.34,14.78,13.67
2/24/2020,19.12,18.34,14.78,13.67
2/25/2020,19.12,18.34,14.78,13.67
2/26/2020,19.12,18.34,14.78,13.67
2/27/2020,19.12,18.34,14.78,13.67
2/28/2020,19.12,18.34,14.78,13.67
2/29/2020,19.12,18.34,14.78,13.67
3/1/2020,16.81,16.05,13.03,11.84
3/2/2020,16.81,16.05,13.03,11.84
3/3/2020,16.81,16.05,13.03,11.84
3/4/2020,16.81,16.05,13.03,11.84
3/5/2020,16.81,16.05,13.03,11.84
3/6/2020,16.81,16.05,13.03,11.84
3/7/2020,16.81,16.05,13.03,11.84
3/8/2020,16.81,16.05,13.03,11.84
3/9/2020,16.81,16.05,13.03,11.84
3/10/2020,16.81,16.05,13.03,11.84
3/11/2020,16.81,16.05,13.03,11.84
3/12/2020,16.81,16.05,13.03,11.84
3/13/2020,16.81,16.05,13.03,11.84
3/14/2020,16.81,16.05,13.03,11.84
3/15/2020,16.81,16.05,13.03,11.84
3/16/2020,12.56,11.95,11.25,9.14
3/17/2020,12.56,11.95,11.25,9.14
3/18/2020,12.56,11.95,11.25,9.14
3/19/2020,12.56,11.95,11.25,9.14
3/20/2020,12.56,11.95,11.25,9.14
3/21/2020,12.56,11.95,11.25,9.14
3/22/2020,12.56,11.95,11.25,9.14
3/23/2020,12.56,11.95,11.25,9.14
3/24/2020,12.56,11.95,11.25,9.14
3/25/2020,12.56,11.95,11.25,9.14
3/26/2020,12.56,11.95,11.25,9.14
3/27/2020,12.56,11.95,11.25,9.14
3/28/2020,12.56,11.95,11.25,9.14
3/29/2020,12.56,11.95,11.25,9.14
3/30/2020,11.93,11.34,10.82,8.63
3/31/2020,11.93,11.34,10.82,8.63
4/1/2020,11.93,11.34,10.82,8.63
4/2/2020,11.93,11.34,10.82,8.63
4/3/2020,11.93,11.34,10.82,8.63
4/4/2020,11.93,11.34,10.82,8.63
4/5/2020,11.93,11.34,10.82,8.63
4/6/2020,11.93,11.34,10.82,8.63
4/7/2020,11.93,11.34,10.82,8.63
4/8/2020,11.93,11.34,10.82,8.63
4/9/2020,11.93,11.34,10.82,8.63
4/10/2020,11.93,11.34,10.82,8.63
4/11/2020,11.93,11.34,10.82,8.63
4/12/2020,11.93,11.34,10.82,8.63
4/13/2020,11.93,11.34,10.82,8.63
4/14/2020,11.63,10.94,9.94,7.96
4/15/2020,11.63,10.94,9.94,7.96
4/16/2020,11.63,10.94,9.94,7.96
4/17/2020,11.63,10.94,9.94,7.96
4/18/2020,11.63,10.94,9.94,7.96
4/19/2020,11.63,10.94,9.94,7.96
4/20/2020,11.63,10.94,9.94,7.96
4/21/2020,11.63,10.94,9.94,7.96
4/22/2020,11.63,10.94,9.94,7.96
4/23/2020,11.63,10.94,9.94,7.96
4/24/2020,11.63,10.94,9.94,7.96
4/25/2020,11.63,10.94,9.94,7.96
4/26/2020,11.63,10.94,9.94,7.96
4/27/2020,11.63,10.94,9.94,7.96
4/28/2020,11.63,10.94,9.94,7.96
4/29/2020,12.23,11.52,9.85,7.88
4/30/2020,12.23,11.52,9.85,7.88
5/1/2020,12.23,11.52,9.85,7.88
5/2/2020,12.23,11.52,9.85,7.88
5/3/2020,12.23,11.52,9.85,7.88
5/4/2020,12.23,11.52,9.85,7.88
5/5/2020,12.23,11.52,9.85,7.88
5/6/2020,12.23,11.52,9.85,7.88
5/7/2020,12.23,11.52,9.85,7.88
5/8/2020,12.23,11.52,9.85,7.88
5/9/2020,12.23,11.52,9.85,7.88
5/10/2020,12.23,11.52,9.85,7.88
5/11/2020,12.23,11.52,9.85,7.88
5/12/2020,12.23,11.52,9.85,7.88
5/13/2020,12.23,11.52,9.85,7.88
5/14/2020,13.12,12.4,10.74,8.75
5/15/2020,13.12,12.4,10.74,8.75
5/16/2020,13.12,12.4,10.74,8.75
5/17/2020,13.12,12.4,10.74,8.75
5/18/2020,13.12,12.4,10.74,8.75
5/19/2020,13.12,12.4,10.74,8.75
5/20/2020,13.12,12.4,10.74,8.75
5/21/2020,13.12,12.4,10.74,8.75
5/22/2020,13.12,12.4,10.74,8.75
5/23/2020,13.12,12.4,10.74,8.75
5/24/2020,13.12,12.4,10.74,8.75
5/25/2020,13.12,12.4,10.74,8.75
5/26/2020,13.12,12.4,10.74,8.75
5/27/2020,13.12,12.4,10.74,8.75
5/28/2020,13.12,12.4,10.74,8.75
5/29/2020,14.08,13.39,11.51,9.61
5/30/2020,14.08,13.39,11.51,9.61
5/31/2020,14.08,13.39,11.51,9.61
6/1/2020,14.08,13.39,11.51,9.61
6/2/2020,14.08,13.39,11.51,9.61
6/3/2020,14.08,13.39,11.51,9.61
6/4/2020,14.08,13.39,11.51,9.61
6/5/2020,14.08,13.39,11.51,9.61
6/6/2020,14.08,13.39,11.51,9.61
6/7/2020,14.08,13.39,11.51,9.61
6/8/2020,14.08,13.39,11.51,9.61
6/9/2020,14.08,13.39,11.51,9.61
6/10/2020,14.08,13.39,11.51,9.61
6/11/2020,14.08,13.39,11.51,9.61
6/12/2020,14.08,13.39,11.51,9.61
6/13/2020,14.97,14.25,12.11,10.03
6/14/2020,14.97,14.25,12.11,10.03
6/15/2020,14.97,14.25,12.11,10.03
6/16/2020,14.97,14.25,12.11,10.03
6/17/2020,14.97,14.25,12.11,10.03
6/18/2020,14.97,14.25,12.11,10.03
6/19/2020,14.97,14.25,12.11,10.03
6/20/2020,14.97,14.25,12.11,10.03
6/21/2020,14.97,14.25,12.11,10.03
6/22/2020,14.97,14.25,12.11,10.03
6/23/2020,14.97,14.25,12.11,10.03
6/24/2020,14.97,14.25,12.11,10.03
6/25/2020,14.97,14.25,12.11,10.03
6/26/2020,14.97,14.25,12.11,10.03
6/27/2020,14.97,14.25,12.11,10.03
6/28/2020,14.97,14.25,12.11,10.03
6/29/2020,14.97,14.25,12.11,10.03
6/30/2020,14.97,14.25,12.11,10.03
7/1/2020,14.97,14.25,12.11,10.03
7/2/2020,14.97,14.25,12.11,10.03
7/3/2020,14.97,14.25,12.11,10.03
7/4/2020,14.97,14.25,12.11,10.03
7/5/2020,14.97,14.25,12.11,10.03
7/6/2020,14.97,14.25,12.11,10.03
7/7/2020,14.97,14.25,12.11,10.03
7/8/2020,14.97,14.25,12.11,10.03
7/9/2020,14.97,14.25,12.11,10.03
7/10/2020,14.97,14.25,12.11,10.03
7/11/2020,14.97,14.25,12.11,10.03
7/12/2020,14.97,14.25,12.11,10.03
7/13/2020,14.97,14.25,12.11,10.03
7/14/2020,14.97,14.4,12.39,10.27
7/15/2020,14.97,14.4,12.39,10.27
7/16/2020,14.97,14.4,12.39,10.27
7/17/2020,14.97,14.4,12.39,10.27
7/18/2020,14.97,14.4,12.39,10.27
7/19/2020,14.97,14.4,12.39,10.27
7/20/2020,14.97,14.4,12.39,10.27
7/21/2020,14.97,14.4,12.39,10.27
7/22/2020,14.97,14.4,12.39,10.27
7/23/2020,14.97,14.4,12.39,10.27
7/24/2020,14.97,14.4,12.39,10.27
7/25/2020,14.97,14.4,12.39,10.27
7/26/2020,14.97,14.4,12.39,10.27
7/27/2020,14.97,14.4,12.39,10.27
7/28/2020,14.97,14.4,12.39,10.27
7/29/2020,14.92,14.4,12.2,10.2
7/30/2020,14.92,14.4,12.2,10.2
7/31/2020,14.92,14.4,12.2,10.2
8/1/2020,14.92,14.4,12.2,10.2
8/2/2020,14.92,14.4,12.2,10.2
8/3/2020,14.92,14.4,12.2,10.2
8/4/2020,14.92,14.4,12.2,10.2
8/5/2020,14.92,14.4,12.2,10.2
8/6/2020,14.92,14.4,12.2,10.2
8/7/2020,14.92,14.4,12.2,10.2
8/8/2020,14.92,14.4,12.2,10.2
8/9/2020,14.92,14.4,12.2,10.2
8/10/2020,14.92,14.4,12.2,10.2
8/11/2020,14.92,14.4,12.2,10.2
8/12/2020,14.92,14.4,12.2,10.2
8/13/2020,15.11,14.4,11.96,10.12
8/14/2020,15.11,14.4,11.96,10.12
8/15/2020,15.11,14.4,11.96,10.12
8/16/2020,15.11,14.4,11.96,10.12
8/17/2020,15.11,14.4,11.96,10.12
8/18/2020,15.11,14.4,11.96,10.12
8/19/2020,15.11,14.4,11.96,10.12
8/20/2020,15.11,14.4,11.96,10.12
8/21/2020,15.11,14.4,11.96,10.12
8/22/2020,15.11,14.4,11.96,10.12
8/23/2020,15.11,14.4,11.96,10.12
8/24/2020,15.11,14.4,11.96,10.12
8/25/2020,15.11,14.4,11.96,10.12
8/26/2020,15.11,14.4,11.96,10.12
8/27/2020,15.11,14.4,11.96,10.12
8/28/2020,14.98,14.26,11.51,9.59
8/29/2020,14.98,14.26,11.51,9.59
8/30/2020,14.98,14.26,11.51,9.59
8/31/2020,14.98,14.26,11.51,9.59
9/1/2020,14.98,14.26,11.51,9.59
9/2/2020,14.98,14.26,11.51,9.59
9/3/2020,14.98,14.26,11.51,9.59
9/4/2020,14.98,14.26,11.51,9.59
9/5/2020,14.98,14.26,11.51,9.59
9/6/2020,14.98,14.26,11.51,9.59
9/7/2020,14.98,14.26,11.51,9.59
9/8/2020,14.98,14.26,11.51,9.59
9/9/2020,14.98,14.26,11.51,9.59
9/10/2020,14.98,14.26,11.51,9.59
9/11/2020,14.98,14.26,11.51,9.59
9/12/2020,14.98,14.21,11.12,9.454
9/13/2020,14.98,14.21,11.12,9.453
9/14/2020,14.98,14.21,11.12,9.452
9/15/2020,14.98,14.21,11.12,9.451
9/16/2020,14.98,14.21,11.12,9.45
9/17/2020,14.98,14.21,11.12,9.449
9/18/2020,14.98,14.21,11.12,9.448
9/19/2020,14.98,14.21,11.12,9.447
9/20/2020,14.98,14.21,11.12,9.446
9/21/2020,14.98,14.21,11.12,9.445
9/22/2020,14.98,14.21,11.12,9.444
9/23/2020,14.98,14.21,11.12,9.443
9/24/2020,14.98,14.21,11.12,9.442
9/25/2020,14.98,14.21,11.12,9.441
9/26/2020,14.98,14.21,11.12,9.44
9/27/2020,15.12,14.26,11.12,9.59
9/28/2020,15.12,14.26,11.12,9.59
9/29/2020,15.12,14.26,11.12,9.59
9/30/2020,15.12,14.26,11.12,9.59
10/1/2020,15.12,14.26,11.12,9.59
10/2/2020,15.12,14.26,11.12,9.59
10/3/2020,15.12,14.26,11.12,9.59
10/4/2020,15.12,14.26,11.12,9.59
10/5/2020,15.12,14.26,11.12,9.59
10/6/2020,15.12,14.26,11.12,9.59
10/7/2020,15.12,14.26,11.12,9.59
10/8/2020,15.12,14.26,11.12,9.59
10/9/2020,15.12,14.26,11.12,9.59
10/10/2020,15.12,14.26,11.12,9.59
10/11/2020,15.12,14.26,11.12,9.59
10/12/2020,15.12,14.26,11.12,9.59
10/13/2020,14.94,14.1,11.21,9.71
10/14/2020,14.94,14.1,11.21,9.71
10/15/2020,14.94,14.1,11.21,9.71
10/16/2020,14.94,14.1,11.21,9.71
10/17/2020,14.94,14.1,11.21,9.71
10/18/2020,14.94,14.1,11.21,9.71
10/19/2020,14.94,14.1,11.21,9.71
10/20/2020,14.94,14.1,11.21,9.71
10/21/2020,14.94,14.1,11.21,9.71
10/22/2020,14.94,14.1,11.21,9.71
10/23/2020,14.94,14.1,11.21,9.71
10/24/2020,14.94,14.1,11.21,9.71
10/25/2020,14.94,14.1,11.21,9.71
10/26/2020,14.94,14.1,11.21,9.71
10/27/2020,14.94,14.1,11.21,9.71
10/28/2020,14.7,13.88,10.83,9.56
10/29/2020,14.7,13.88,10.83,9.56
10/30/2020,14.7,13.88,10.83,9.56
10/31/2020,14.7,13.88,10.83,9.56
11/1/2020,14.7,13.88,10.83,9.56
11/2/2020,14.7,13.88,10.83,9.56
11/3/2020,14.7,13.88,10.83,9.56
11/4/2020,14.7,13.88,10.83,9.56
11/5/2020,14.7,13.88,10.83,9.56
11/6/2020,14.7,13.88,10.83,9.56
11/7/2020,14.7,13.88,10.83,9.56
11/8/2020,14.7,13.88,10.83,9.56
11/9/2020,14.7,13.88,10.83,9.56
11/10/2020,14.7,13.88,10.83,9.56
11/11/2020,14.7,13.88,10.83,9.56
11/12/2020,15.35,14.49,11.43,10.13
11/13/2020,15.35,14.49,11.43,10.13
11/14/2020,15.35,14.49,11.43,10.13
11/15/2020,15.35,14.49,11.43,10.13
11/16/2020,15.35,14.49,11.43,10.13
11/17/2020,15.35,14.49,11.43,10.13
11/18/2020,15.35,14.49,11.43,10.13
11/19/2020,15.35,14.49,11.43,10.13
11/20/2020,15.35,14.49,11.43,10.13
11/21/2020,15.35,14.49,11.43,10.13
11/22/2020,15.35,14.49,11.43,10.13
11/23/2020,15.35,14.49,11.43,10.13
11/24/2020,15.35,14.49,11.43,10.13
11/25/2020,15.35,14.49,11.43,10.13
11/26/2020,15.35,14.49,11.43,10.13
11/27/2020,16,15.12,11.89,10.77
11/28/2020,16,15.12,11.89,10.77
11/29/2020,16,15.12,11.89,10.77
11/30/2020,16,15.12,11.89,10.77
12/1/2020,16,15.12,11.89,10.77
12/2/2020,16,15.12,11.89,10.77
12/3/2020,16,15.12,11.89,10.77
12/4/2020,16,15.12,11.89,10.77
12/5/2020,16,15.12,11.89,10.77
12/6/2020,16,15.12,11.89,10.77
12/7/2020,16,15.12,11.89,10.77
12/8/2020,16,15.12,11.89,10.77
12/9/2020,16,15.12,11.89,10.77
12/10/2020,16,15.12,11.89,10.77
12/11/2020,16,15.12,11.89,10.77
12/12/2020,16.47,15.51,12.37,11.18
12/13/2020,16.47,15.51,12.37,11.18
12/14/2020,16.47,15.51,12.37,11.18
12/15/2020,16.47,15.51,12.37,11.18
12/16/2020,16.47,15.51,12.37,11.18
12/17/2020,16.47,15.51,12.37,11.18
12/18/2020,16.47,15.51,12.37,11.18
12/19/2020,16.47,15.51,12.37,11.18
12/20/2020,16.47,15.51,12.37,11.18
12/21/2020,16.47,15.51,12.37,11.18
12/22/2020,16.47,15.51,12.37,11.18
12/23/2020,16.47,15.51,12.37,11.18
12/24/2020,16.47,15.51,12.37,11.18
12/25/2020,16.47,15.51,12.37,11.18
12/26/2020,16.47,15.51,12.37,11.18
12/27/2020,16.93,16.93,12.64,11.55
12/28/2020,16.93,16.93,12.64,11.55
12/29/2020,16.93,16.93,12.64,11.55
12/30/2020,16.93,16.93,12.64,11.55
12/31/2020,16.93,16.93,12.64,11.55
1/1/2021,16.93,16.93,12.64,11.55
1/2/2021,16.93,16.93,12.64,11.55
1/3/2021,16.93,16.93,12.64,11.55
1/4/2021,16.93,16.93,12.64,11.55
1/5/2021,16.93,16.93,12.64,11.55
1/6/2021,16.93,16.93,12.64,11.55
1/7/2021,16.93,16.93,12.64,11.55
1/8/2021,16.93,16.93,12.64,11.55
1/9/2021,16.93,16.93,12.64,11.55
1/10/2021,16.93,16.93,12.64,11.55
1/11/2021,16.93,16.93,12.64,11.55
1/12/2021,17.27,16.3,13.04,11.9
1/13/2021,17.27,16.3,13.04,11.9
1/14/2021,17.27,16.3,13.04,11.9
1/15/2021,17.27,16.3,13.04,11.9
1/16/2021,17.27,16.3,13.04,11.9
1/17/2021,17.27,16.3,13.04,11.9
1/18/2021,17.27,16.3,13.04,11.9
1/19/2021,17.27,16.3,13.04,11.9
1/20/2021,17.27,16.3,13.04,11.9
1/21/2021,17.27,16.3,13.04,11.9
1/22/2021,17.27,16.3,13.04,11.9
1/23/2021,17.27,16.3,13.04,11.9
1/24/2021,17.27,16.3,13.04,11.9
1/25/2021,17.27,16.3,13.04,11.9
1/26/2021,17.27,16.3,13.04,11.9
1/27/2021,17.27,16.3,13.04,11.9
1/28/2021,17.27,16.3,13.04,11.9
1/29/2021,17.27,16.3,13.04,11.9
1/30/2021,17.27,16.3,13.04,11.9
1/31/2021,17.27,16.3,13.04,11.9
2/1/2021,17.27,16.3,13.04,11.9
2/2/2021,17.27,16.3,13.04,11.9
2/3/2021,17.27,16.3,13.04,11.9
2/4/2021,17.27,16.3,13.04,11.9
2/5/2021,17.27,16.3,13.04,11.9
2/6/2021,17.27,16.3,13.04,11.9
2/7/2021,17.27,16.3,13.04,11.9
2/8/2021,17.27,16.3,13.04,11.9
2/9/2021,17.27,16.3,13.04,11.9
2/10/2021,17.27,16.3,13.04,11.9
2/11/2021,18.08,17.03,13.84,12.61
2/12/2021,18.08,17.03,13.84,12.61
2/13/2021,18.08,17.03,13.84,12.61
2/14/2021,18.08,17.03,13.84,12.61
2/15/2021,18.08,17.03,13.84,12.61
2/16/2021,18.08,17.03,13.84,12.61
2/17/2021,18.08,17.03,13.84,12.61
2/18/2021,18.08,17.03,13.84,12.61
2/19/2021,18.08,17.03,13.84,12.61
2/20/2021,18.08,17.03,13.84,12.61
2/21/2021,18.08,17.03,13.84,12.61
2/22/2021,18.08,17.03,13.84,12.61
2/23/2021,18.08,17.03,13.84,12.61
2/24/2021,18.08,17.03,13.84,12.61
2/25/2021,18.08,17.03,13.84,12.61
2/26/2021,18.88,17.72,14.4,13.17
2/27/2021,18.88,17.72,14.4,13.17
2/28/2021,18.88,17.72,14.4,13.17
3/1/2021,18.88,17.72,14.4,13.17
3/2/2021,18.88,17.72,14.4,13.17
3/3/2021,18.88,17.72,14.4,13.17
3/4/2021,18.88,17.72,14.4,13.17
3/5/2021,18.88,17.72,14.4,13.17
3/6/2021,18.88,17.72,14.4,13.17
3/7/2021,18.88,17.72,14.4,13.17
3/8/2021,18.88,17.72,14.4,13.17
3/9/2021,18.88,17.72,14.4,13.17
3/10/2021,18.88,17.72,14.4,13.17
3/11/2021,18.88,17.72,14.4,13.17
3/12/2021,18.88,17.72,14.4,13.17
3/13/2021,19.04,17.85,14.24,13
3/14/2021,19.04,17.85,14.24,13
3/15/2021,19.04,17.85,14.24,13
3/16/2021,19.04,17.85,14.24,13
3/17/2021,19.04,17.85,14.24,13
3/18/2021,19.04,17.85,14.24,13
3/19/2021,19.04,17.85,14.24,13
3/20/2021,19.04,17.85,14.24,13
3/21/2021,19.04,17.85,14.24,13
3/22/2021,19.04,17.85,14.24,13
3/23/2021,19.04,17.85,14.24,13
3/24/2021,19.04,17.85,14.24,13
3/25/2021,19.04,17.85,14.24,13
3/26/2021,19.04,17.85,14.24,13
3/27/2021,19.04,17.85,14.24,13
3/28/2021,18.97,17.8,14.14,12.82
3/29/2021,18.97,17.8,14.14,12.82
3/30/2021,18.97,17.8,14.14,12.82
3/31/2021,18.97,17.8,14.14,12.82
4/1/2021,18.97,17.8,14.14,12.82
4/2/2021,18.97,17.8,14.14,12.82
4/3/2021,18.97,17.8,14.14,12.82
4/4/2021,18.97,17.8,14.14,12.82
4/5/2021,18.97,17.8,14.14,12.82
4/6/2021,18.97,17.8,14.14,12.82
4/7/2021,18.97,17.8,14.14,12.82
4/8/2021,18.97,17.8,14.14,12.82
4/9/2021,18.97,17.8,14.14,12.82
4/10/2021,18.97,17.8,14.14,12.82
4/11/2021,18.97,17.8,14.14,12.82
4/12/2021,18.97,17.8,14.14,12.82
4/13/2021,19.16,17.98,14.32,13.25
4/14/2021,19.16,17.98,14.32,13.25
4/15/2021,19.16,17.98,14.32,13.25
4/16/2021,19.16,17.98,14.32,13.25
4/17/2021,19.16,17.98,14.32,13.25
4/18/2021,19.16,17.98,14.32,13.25
4/19/2021,19.16,17.98,14.32,13.25
4/20/2021,19.16,17.98,14.32,13.25
4/21/2021,19.16,17.98,14.32,13.25
4/22/2021,19.16,17.98,14.32,13.25
4/23/2021,19.16,17.98,14.32,13.25
4/24/2021,19.16,17.98,14.32,13.25
4/25/2021,19.16,17.98,14.32,13.25
4/26/2021,19.16,17.98,14.32,13.25
4/27/2021,19.16,17.98,14.32,13.25
4/28/2021,19.53,18.42,14.77,13.82
4/29/2021,19.53,18.42,14.77,13.82
4/30/2021,19.53,18.42,14.77,13.82
5/1/2021,19.53,18.42,14.77,13.82
5/2/2021,19.53,18.42,14.77,13.82
5/3/2021,19.53,18.42,14.77,13.82
5/4/2021,19.53,18.42,14.77,13.82
5/5/2021,19.53,18.42,14.77,13.82
5/6/2021,19.53,18.42,14.77,13.82
5/7/2021,19.53,18.42,14.77,13.82
5/8/2021,19.53,18.42,14.77,13.82
5/9/2021,19.53,18.42,14.77,13.82
5/10/2021,19.53,18.42,14.77,13.82
5/11/2021,19.53,18.42,14.77,13.82
5/12/2021,19.53,18.42,14.77,13.82
5/13/2021,19.53,18.42,14.77,13.82
5/14/2021,19.53,18.42,14.77,13.82
5/15/2021,19.53,18.42,14.77,13.82
5/16/2021,19.53,18.42,14.77,13.82
5/17/2021,19.53,18.42,14.77,13.82
5/18/2021,19.53,18.42,14.77,13.82
5/19/2021,19.53,18.42,14.77,13.82
5/20/2021,19.53,18.42,14.77,13.82
5/21/2021,19.53,18.42,14.77,13.82
5/22/2021,19.53,18.42,14.77,13.82
5/23/2021,19.53,18.42,14.77,13.82
5/24/2021,19.53,18.42,14.77,13.82
5/25/2021,19.53,18.42,14.77,13.82
5/26/2021,19.53,18.42,14.77,13.82
5/27/2021,19.53,18.42,14.77,13.82
5/28/2021,20.16,19.04,15.44,14.41
5/29/2021,20.16,19.04,15.44,14.41
5/30/2021,20.16,19.04,15.44,14.41
5/31/2021,20.16,19.04,15.44,14.41
6/1/2021,20.16,19.04,15.44,14.41
6/2/2021,20.16,19.04,15.44,14.41
6/3/2021,20.16,19.04,15.44,14.41
6/4/2021,20.16,19.04,15.44,14.41
6/5/2021,20.16,19.04,15.44,14.41
6/6/2021,20.16,19.04,15.44,14.41
6/7/2021,20.16,19.04,15.44,14.41
6/8/2021,20.16,19.04,15.44,14.41
6/9/2021,20.16,19.04,15.44,14.41
6/10/2021,20.16,19.04,15.44,14.41
6/11/2021,20.16,19.04,15.44,14.41
6/12/2021,20.91,19.76,16.11,15.05
6/13/2021,20.91,19.76,16.11,15.05
6/14/2021,20.91,19.76,16.11,15.05
6/15/2021,20.91,19.76,16.11,15.05
6/16/2021,20.91,19.76,16.11,15.05
6/17/2021,20.91,19.76,16.11,15.05
6/18/2021,20.91,19.76,16.11,15.05
6/19/2021,20.91,19.76,16.11,15.05
6/20/2021,20.91,19.76,16.11,15.05
6/21/2021,20.91,19.76,16.11,15.05
6/22/2021,20.91,19.76,16.11,15.05
6/23/2021,20.91,19.76,16.11,15.05
6/24/2021,20.91,19.76,16.11,15.05
6/25/2021,20.91,19.76,16.11,15.05
6/26/2021,20.91,19.76,16.11,15.05
6/27/2021,21.78,20.61,16.53,15.5
6/28/2021,21.78,20.61,16.53,15.5
6/29/2021,21.78,20.61,16.53,15.5
6/30/2021,21.78,20.61,16.53,15.5
7/1/2021,21.78,20.61,16.53,15.5
7/2/2021,21.78,20.61,16.53,15.5
7/3/2021,21.78,20.61,16.53,15.5
7/4/2021,21.78,20.61,16.53,15.5
7/5/2021,21.78,20.61,16.53,15.5
7/6/2021,21.78,20.61,16.53,15.5
7/7/2021,21.78,20.61,16.53,15.5
7/8/2021,21.78,20.61,16.53,15.5
7/9/2021,21.78,20.61,16.53,15.5
7/10/2021,21.78,20.61,16.53,15.5
7/11/2021,21.78,20.61,16.53,15.5
7/12/2021,21.78,20.61,16.53,15.5
7/13/2021,21.68,20.49,16.37,15.39
7/14/2021,21.68,20.49,16.37,15.39
7/15/2021,21.68,20.49,16.37,15.39
7/16/2021,21.68,20.49,16.37,15.39
7/17/2021,21.68,20.49,16.37,15.39
7/18/2021,21.68,20.49,16.37,15.39
7/19/2021,21.68,20.49,16.37,15.39
7/20/2021,21.68,20.49,16.37,15.39
7/21/2021,21.68,20.49,16.37,15.39
7/22/2021,21.68,20.49,16.37,15.39
7/23/2021,21.68,20.49,16.37,15.39
7/24/2021,21.68,20.49,16.37,15.39
7/25/2021,21.68,20.49,16.37,15.39
7/26/2021,21.68,20.49,16.37,15.39
7/27/2021,21.68,20.49,16.37,15.39
7/28/2021,21.68,20.49,16.17,15.17
7/29/2021,21.68,20.49,16.17,15.17
7/30/2021,21.68,20.49,16.17,15.17
7/31/2021,21.68,20.49,16.17,15.17
8/1/2021,21.68,20.49,16.17,15.17
8/2/2021,21.68,20.49,16.17,15.17
8/3/2021,21.68,20.49,16.17,15.17
8/4/2021,21.68,20.49,16.17,15.17
8/5/2021,21.68,20.49,16.17,15.17
8/6/2021,21.68,20.49,16.17,15.17
8/7/2021,21.68,20.49,16.17,15.17
8/8/2021,21.68,20.49,16.17,15.17
8/9/2021,21.68,20.49,16.17,15.17
8/10/2021,21.68,20.49,16.17,15.17
8/11/2021,21.68,20.49,16.17,15.17
8/12/2021,21.13,19.89,15.66,14.76
8/13/2021,21.13,19.89,15.66,14.76
8/14/2021,21.13,19.89,15.66,14.76
8/15/2021,21.13,19.89,15.66,14.76
8/16/2021,21.13,19.89,15.66,14.76
8/17/2021,21.13,19.89,15.66,14.76
8/18/2021,21.13,19.89,15.66,14.76
8/19/2021,21.13,19.89,15.66,14.76
8/20/2021,21.13,19.89,15.66,14.76
8/21/2021,21.13,19.89,15.66,14.76
8/22/2021,21.13,19.89,15.66,14.76
8/23/2021,21.13,19.89,15.66,14.76
8/24/2021,21.13,19.89,15.66,14.76
8/25/2021,21.13,19.89,15.66,14.76
8/26/2021,21.13,19.89,15.66,14.76
8/27/2021,21.39,20.14,16.02,15.08
8/28/2021,21.39,20.14,16.02,15.08
8/29/2021,21.39,20.14,16.02,15.08
8/30/2021,21.39,20.14,16.02,15.08
8/31/2021,21.39,20.14,16.02,15.08
9/1/2021,21.39,20.14,16.02,15.08
9/2/2021,21.39,20.14,16.02,15.08
9/3/2021,21.39,20.14,16.02,15.08
9/4/2021,21.39,20.14,16.02,15.08
9/5/2021,21.39,20.14,16.02,15.08
9/6/2021,21.39,20.14,16.02,15.08
9/7/2021,21.39,20.14,16.02,15.08
9/8/2021,21.39,20.14,16.02,15.08
9/9/2021,21.39,20.14,16.02,15.08
9/10/2021,21.39,20.14,16.02,15.08
9/11/2021,21.94,20.71,16.58,15.64
9/12/2021,21.94,20.71,16.58,15.64
9/13/2021,21.94,20.71,16.58,15.64
9/14/2021,21.94,20.71,16.58,15.64
9/15/2021,21.94,20.71,16.58,15.64
9/16/2021,21.94,20.71,16.58,15.64
9/17/2021,21.94,20.71,16.58,15.64
9/18/2021,21.94,20.71,16.58,15.64
9/19/2021,21.94,20.71,16.58,15.64
9/20/2021,21.94,20.71,16.58,15.64
9/21/2021,21.94,20.71,16.58,15.64
9/22/2021,21.94,20.71,16.58,15.64
9/23/2021,21.94,20.71,16.58,15.64
9/24/2021,21.94,20.71,16.58,15.64
9/25/2021,21.94,20.71,16.58,15.64
9/26/2021,22.87,21.68,17.54,16.62
9/27/2021,22.87,21.68,17.54,16.62
9/28/2021,22.87,21.68,17.54,16.62
9/29/2021,22.87,21.68,17.54,16.62
9/30/2021,22.87,21.68,17.54,16.62
10/1/2021,22.87,21.68,17.54,16.62
10/2/2021,22.87,21.68,17.54,16.62
10/3/2021,22.87,21.68,17.54,16.62
10/4/2021,22.87,21.68,17.54,16.62
10/5/2021,22.87,21.68,17.54,16.62
10/6/2021,22.87,21.68,17.54,16.62
10/7/2021,22.87,21.68,17.54,16.62
10/8/2021,22.87,21.68,17.54,16.62
10/9/2021,22.87,21.68,17.54,16.62
10/10/2021,22.87,21.68,17.54,16.62
10/11/2021,22.87,21.68,17.54,16.62
10/12/2021,24.33,23.11,18.71,17.63
10/13/2021,24.33,23.11,18.71,17.63
10/14/2021,24.33,23.11,18.71,17.63
10/15/2021,24.33,23.11,18.71,17.63
10/16/2021,24.33,23.11,18.71,17.63
10/17/2021,24.33,23.11,18.71,17.63
10/18/2021,24.33,23.11,18.71,17.63
10/19/2021,24.33,23.11,18.71,17.63
10/20/2021,24.33,23.11,18.71,17.63
10/21/2021,24.33,23.11,18.71,17.63
10/22/2021,24.33,23.11,18.71,17.63
10/23/2021,24.33,23.11,18.71,17.63
10/24/2021,24.33,23.11,18.71,17.63
10/25/2021,24.33,23.11,18.71,17.63
10/26/2021,24.33,23.11,18.71,17.63
10/27/2021,24.99,23.66,18.71,17.63
10/28/2021,24.99,23.66,18.71,17.63
10/29/2021,24.99,23.66,18.71,17.63
10/30/2021,24.99,23.66,18.71,17.63
10/31/2021,24.99,23.66,18.71,17.63
11/1/2021,24.99,23.66,18.71,17.63
11/2/2021,24.99,23.66,18.71,17.63
11/3/2021,24.99,23.66,18.71,17.63
11/4/2021,24.99,23.66,18.71,17.63
11/5/2021,24.99,23.66,18.71,17.63
11/6/2021,24.99,23.66,18.71,17.63
11/7/2021,24.99,23.66,18.71,17.63
11/8/2021,24.99,23.66,18.71,17.63
11/9/2021,24.99,23.66,18.71,17.63
11/10/2021,24.99,23.66,18.71,17.63
11/11/2021,23.9,22.91,18.38,17.19
11/12/2021,23.9,22.91,18.38,17.19
11/13/2021,23.9,22.91,18.38,17.19
11/14/2021,23.9,22.91,18.38,17.19
11/15/2021,23.9,22.91,18.38,17.19
11/16/2021,23.9,22.91,18.38,17.19
11/17/2021,23.9,22.91,18.38,17.19
11/18/2021,23.9,22.91,18.38,17.19
11/19/2021,23.9,22.91,18.38,17.19
11/20/2021,23.9,22.91,18.38,17.19
11/21/2021,23.9,22.91,18.38,17.19
11/22/2021,23.9,22.91,18.38,17.19
11/23/2021,23.9,22.91,18.38,17.19
11/24/2021,23.9,22.91,18.38,17.19
11/25/2021,23.9,22.91,18.38,17.19
11/26/2021,22.8,22.08,17.33,16.32
11/27/2021,22.8,22.08,17.33,16.32
11/28/2021,22.8,22.08,17.33,16.32
11/29/2021,22.8,22.08,17.33,16.32
11/30/2021,22.8,22.08,17.33,16.32
12/1/2021,22.8,22.08,17.33,16.32
12/2/2021,22.8,22.08,17.33,16.32
12/3/2021,22.8,22.08,17.33,16.32
12/4/2021,22.8,22.08,17.33,16.32
12/5/2021,22.8,22.08,17.33,16.32
12/6/2021,22.8,22.08,17.33,16.32
12/7/2021,22.8,22.08,17.33,16.32
12/8/2021,22.8,22.08,17.33,16.32
12/9/2021,22.8,22.08,17.33,16.32
12/10/2021,22.8,22.08,17.33,16.32
12/11/2021,23.29,22.55,17.57,16.51
12/12/2021,23.29,22.55,17.57,16.51
12/13/2021,23.29,22.55,17.57,16.51
12/14/2021,23.29,22.55,17.57,16.51
12/15/2021,23.29,22.55,17.57,16.51
12/16/2021,23.29,22.55,17.57,16.51
12/17/2021,23.29,22.55,17.57,16.51
12/18/2021,23.29,22.55,17.57,16.51
12/19/2021,23.29,22.55,17.57,16.51
12/20/2021,23.29,22.55,17.57,16.51
12/21/2021,23.29,22.55,17.57,16.51
12/22/2021,23.29,22.55,17.57,16.51
12/23/2021,23.29,22.55,17.57,16.51
12/24/2021,23.29,22.55,17.57,16.51
12/25/2021,23.29,22.55,17.57,16.51
12/26/2021,23.87,23.15,18.23,17.13
12/27/2021,23.87,23.15,18.23,17.13
12/28/2021,23.87,23.15,18.23,17.13
12/29/2021,23.87,23.15,18.23,17.13
12/30/2021,23.87,23.15,18.23,17.13
12/31/2021,23.87,23.15,18.23,17.13
1/1/2022,23.87,23.15,18.23,17.13
1/2/2022,23.87,23.15,18.23,17.13
1/3/2022,23.87,23.15,18.23,17.13
1/4/2022,23.87,23.15,18.23,17.13
1/5/2022,23.87,23.15,18.23,17.13
1/6/2022,23.87,23.15,18.23,17.13
1/7/2022,23.87,23.15,18.23,17.13
1/8/2022,23.87,23.15,18.23,17.13
1/9/2022,23.87,23.15,18.23,17.13
1/10/2022,23.87,23.15,18.23,17.13
1/11/2022,23.87,23.15,18.23,17.13
1/12/2022,24.36,23.59,18.9,17.79
1/13/2022,24.36,23.59,18.9,17.79
1/14/2022,24.36,23.59,18.9,17.79
1/15/2022,24.36,23.59,18.9,17.79
1/16/2022,24.36,23.59,18.9,17.79
1/17/2022,24.36,23.59,18.9,17.79
1/18/2022,24.36,23.59,18.9,17.79
1/19/2022,24.36,23.59,18.9,17.79
1/20/2022,24.36,23.59,18.9,17.79
1/21/2022,24.36,23.59,18.9,17.79
1/22/2022,25.32,24.57,19.86,18.75
1/23/2022,25.32,24.57,19.86,18.75
1/24/2022,25.32,24.57,19.86,18.75
1/25/2022,25.32,24.57,19.86,18.75
1/26/2022,25.32,24.57,19.86,18.75
1/27/2022,25.32,24.57,19.86,18.75
1/28/2022,25.32,24.57,19.86,18.75
1/29/2022,25.32,24.57,19.86,18.75
1/30/2022,25.32,24.57,19.86,18.75
1/31/2022,25.32,24.57,19.86,18.75
2/1/2022,25.32,24.57,19.86,18.75
2/2/2022,25.32,24.57,19.86,18.75
2/3/2022,25.32,24.57,19.86,18.75
2/4/2022,25.32,24.57,19.86,18.75
2/5/2022,25.32,24.57,19.86,18.75
2/6/2022,25.32,24.57,19.86,18.75
2/7/2022,25.32,24.57,19.86,18.75
2/8/2022,25.32,24.57,19.86,18.75
2/9/2022,25.32,24.57,19.86,18.75
2/10/2022,25.32,24.57,19.86,18.75
2/11/2022,25.32,24.57,19.86,18.75
2/12/2022,26.28,25.53,20.8,19.5
2/13/2022,26.28,25.53,20.8,19.5
2/14/2022,26.28,25.53,20.8,19.5
2/15/2022,26.28,25.53,20.8,19.5
2/16/2022,26.28,25.53,20.8,19.5
2/17/2022,26.28,25.53,20.8,19.5
2/18/2022,26.28,25.53,20.8,19.5
2/19/2022,26.28,25.53,20.8,19.5
2/20/2022,26.28,25.53,20.8,19.5
2/21/2022,26.28,25.53,20.8,19.5
2/22/2022,26.83,26.07,21.31,19.97
2/23/2022,26.83,26.07,21.31,19.97
2/24/2022,26.83,26.07,21.31,19.97
2/25/2022,26.83,26.07,21.31,19.97
2/26/2022,26.83,26.07,21.31,19.97
2/27/2022,26.83,26.07,21.31,19.97
2/28/2022,26.83,26.07,21.31,19.97
3/1/2022,26.83,26.07,21.31,19.97
3/2/2022,29.82,28.98,25.26,23.91
3/3/2022,29.82,28.98,25.26,23.91
3/4/2022,29.82,28.98,25.26,23.91
3/5/2022,29.82,28.98,25.26,23.91
3/6/2022,29.82,28.98,25.26,23.91
3/7/2022,29.82,28.98,25.26,23.91
3/8/2022,29.82,28.98,25.26,23.91
3/9/2022,29.82,28.98,25.26,23.91
3/10/2022,29.82,28.98,25.26,23.91
3/11/2022,29.82,28.98,25.26,23.91
3/12/2022,29.19,28.33,23.63,22.24
3/13/2022,29.19,28.33,23.63,22.24
3/14/2022,29.19,28.33,23.63,22.24
3/15/2022,29.19,28.33,23.63,22.24
3/16/2022,29.19,28.33,23.63,22.24
3/17/2022,29.19,28.33,23.63,22.24
3/18/2022,29.19,28.33,23.63,22.24
3/19/2022,29.19,28.33,23.63,22.24
3/20/2022,29.19,28.33,23.63,22.24
3/21/2022,29.19,28.33,23.63,22.24
3/22/2022,28.15,27.3,25.08,23.76
3/23/2022,28.15,27.3,25.08,23.76
3/24/2022,28.15,27.3,25.08,23.76
3/25/2022,28.15,27.3,25.08,23.76
3/26/2022,28.15,27.3,25.08,23.76
3/27/2022,28.15,27.3,25.08,23.76
3/28/2022,28.15,27.3,25.08,23.76
3/29/2022,28.15,27.3,25.08,23.76
3/30/2022,28.15,27.3,25.08,23.76
3/31/2022,28.15,27.3,25.08,23.76
4/1/2022,28.15,27.3,25.08,23.76
4/2/2022,27.31,26.47,24.38,23.02
4/3/2022,27.31,26.47,24.38,23.02
4/4/2022,27.31,26.47,24.38,23.02
4/5/2022,27.31,26.47,24.38,23.02
4/6/2022,27.31,26.47,24.38,23.02
4/7/2022,27.31,26.47,24.38,23.02
4/8/2022,27.31,26.47,24.38,23.02
4/9/2022,27.31,26.47,24.38,23.02
4/10/2022,27.31,26.47,24.38,23.02
4/11/2022,27.31,26.47,24.38,23.02
4/12/2022,27.31,26.47,24.38,23.02
4/13/2022,27.99,27.13,25.35,23.82
4/14/2022,27.99,27.13,25.35,23.82
4/15/2022,27.99,27.13,25.35,23.82
4/16/2022,27.99,27.13,25.35,23.82
4/17/2022,27.99,27.13,25.35,23.82
4/18/2022,27.99,27.13,25.35,23.82
4/19/2022,27.99,27.13,25.35,23.82
4/20/2022,27.99,27.13,25.35,23.82
4/21/2022,27.99,27.13,25.35,23.82
4/22/2022,28.43,27.46,25.53,23.82
4/23/2022,28.43,27.46,25.53,23.82
4/24/2022,28.43,27.46,25.53,23.82
4/25/2022,28.43,27.46,25.53,23.82
4/26/2022,28.43,27.46,25.53,23.82
4/27/2022,28.43,27.46,25.53,23.82
4/28/2022,28.43,27.46,25.53,23.82
4/29/2022,28.43,27.46,25.53,23.82
4/30/2022,28.43,27.46,25.53,23.82
5/1/2022,28.43,27.46,25.53,23.82
5/2/2022,28.43,27.46,25.53,23.82
5/3/2022,28.43,27.46,25.53,23.82
5/4/2022,28.43,27.46,25.53,23.82
5/5/2022,29.98,28.95,26.65,25.16
5/6/2022,29.98,28.95,26.65,25.16
5/7/2022,29.98,28.95,26.65,25.16
5/8/2022,29.98,28.95,26.65,25.16
5/9/2022,29.98,28.95,26.65,25.16
5/10/2022,29.98,28.95,26.65,25.16
5/11/2022,29.98,28.95,26.65,25.16
5/12/2022,30.65,29.63,25.55,24.4
5/13/2022,30.65,29.63,25.55,24.4
5/14/2022,30.65,29.63,25.55,24.4
5/15/2022,30.65,29.63,25.55,24.4
5/16/2022,30.65,29.63,25.55,24.4
5/17/2022,30.65,29.63,25.55,24.4
5/18/2022,30.65,29.63,25.55,24.4
5/19/2022,30.65,29.63,25.55,24.4
5/20/2022,30.65,29.63,25.55,24.4
5/21/2022,30.65,29.63,25.55,24.4
5/22/2022,30.65,29.63,25.55,24.4
5/23/2022,30.65,29.63,25.55,24.4
5/24/2022,31.57,30.23,26.39,25.34
5/25/2022,31.57,30.23,26.39,25.34
5/26/2022,31.57,30.23,26.39,25.34
5/27/2022,31.57,30.23,26.39,25.34
5/28/2022,31.57,30.23,26.39,25.34
5/29/2022,31.57,30.23,26.39,25.34
5/30/2022,31.57,30.23,26.39,25.34
5/31/2022,31.57,30.23,26.39,25.34
6/1/2022,31.57,30.23,26.39,25.34
6/2/2022,32.37,31.11,29.02,27.83
6/3/2022,32.37,31.11,29.02,27.83
6/4/2022,32.37,31.11,29.02,27.83
6/5/2022,32.37,31.11,29.02,27.83
6/6/2022,32.37,31.11,29.02,27.83
6/7/2022,32.37,31.11,29.02,27.83
6/8/2022,32.37,31.11,29.02,27.83
6/9/2022,32.37,31.11,29.02,27.83
6/10/2022,32.37,31.11,29.02,27.83
6/11/2022,32.37,31.11,29.02,27.83
6/12/2022,32.37,31.11,29.02,27.83
6/13/2022,32.37,31.11,29.02,27.83
6/14/2022,32.87,31.3,30.01,28.78
6/15/2022,32.87,31.3,30.01,28.78
6/16/2022,32.87,31.3,30.01,28.78
6/17/2022,32.87,31.3,30.01,28.78
6/18/2022,32.87,31.3,30.01,28.78
6/19/2022,32.87,31.3,30.01,28.78
6/20/2022,32.87,31.3,30.01,28.78
6/21/2022,32.87,31.3,30.01,28.78
6/22/2022,32.76,30.89,29.61,28.35
6/23/2022,32.76,30.89,29.61,28.35
6/24/2022,32.76,30.89,29.61,28.35
6/25/2022,32.76,30.89,29.61,28.35
6/26/2022,32.76,30.89,29.61,28.35
6/27/2022,32.76,30.89,29.61,28.35
6/28/2022,32.76,30.89,29.61,28.35
6/29/2022,32.76,30.89,29.61,28.35
6/30/2022,32.76,30.89,29.61,28.35
7/1/2022,32.76,30.89,29.61,28.35
7/2/2022,29.67,27.78,26.59,26.34
7/3/2022,29.67,27.78,26.59,26.34
7/4/2022,29.67,27.78,26.59,26.34
7/5/2022,29.67,27.78,26.59,26.34
7/6/2022,29.67,27.78,26.59,26.34
7/7/2022,29.67,27.78,26.59,26.34
7/8/2022,29.67,27.78,26.59,26.34
7/9/2022,29.67,27.78,26.59,26.34
7/10/2022,29.67,27.78,26.59,26.34
7/11/2022,29.67,27.78,26.59,26.34
7/12/2022,26.07,25.07,24.85,25.24
7/13/2022,26.07,25.07,24.85,25.24
7/14/2022,26.07,25.07,24.85,25.24
7/15/2022,26.07,25.07,24.85,25.24
7/16/2022,26.07,25.07,24.85,25.24
7/17/2022,26.07,25.07,24.85,25.24
7/18/2022,26.07,25.07,24.85,25.24
7/19/2022,26.07,25.07,24.85,25.24
7/20/2022,26.07,25.07,24.85,25.24
7/21/2022,26.07,25.07,24.85,25.24
7/22/2022,25.6,24.62,23.9,24.53
7/23/2022,25.6,24.62,23.9,24.53
7/24/2022,25.6,24.62,23.9,24.53
7/25/2022,25.6,24.62,23.9,24.53
7/26/2022,25.6,24.62,23.9,24.53
7/27/2022,25.6,24.62,23.9,24.53
7/28/2022,25.6,24.62,23.9,24.53
7/29/2022,25.6,24.62,23.9,24.53
7/30/2022,25.6,24.62,23.9,24.53
7/31/2022,25.6,24.62,23.9,24.53
8/1/2022,25.6,24.62,23.9,24.53
8/2/2022,24.66,23.72,22.9,23.32
8/3/2022,24.66,23.72,22.9,23.32
8/4/2022,24.66,23.72,22.9,23.32
8/5/2022,24.66,23.72,22.9,23.32
8/6/2022,24.66,23.72,22.9,23.32
8/7/2022,24.66,23.72,22.9,23.32
8/8/2022,24.66,23.72,22.9,23.32
8/9/2022,24.66,23.72,22.9,23.32
8/10/2022,24.66,23.72,22.9,23.32
8/11/2022,24.66,23.72,22.9,23.32
8/12/2022,24.66,23.72,23.75,24.05
8/13/2022,24.66,23.72,23.75,24.05
8/14/2022,24.66,23.72,23.75,24.05
8/15/2022,24.66,23.72,23.75,24.05
8/16/2022,24.66,23.72,23.75,24.05
8/17/2022,24.66,23.72,23.75,24.05
8/18/2022,24.66,23.72,23.75,24.05
8/19/2022,24.66,23.72,23.75,24.05
8/20/2022,24.66,23.72,23.75,24.05
8/21/2022,24.66,23.72,23.75,24.05
8/22/2022,24.66,23.72,23.75,24.05
8/23/2022,24.23,23.35,25.18,25.44
8/24/2022,24.23,23.35,25.18,25.44
8/25/2022,24.23,23.35,25.18,25.44
8/26/2022,24.23,23.35,25.18,25.44
8/27/2022,24.23,23.35,25.18,25.44
8/28/2022,24.23,23.35,25.18,25.44
8/29/2022,24.23,23.35,25.18,25.44
8/30/2022,24.23,23.35,25.18,25.44
8/31/2022,24.23,23.35,25.18,25.44
9/1/2022,24.23,23.35,25.18,25.44
9/2/2022,24.23,23.35,25.18,25.44
9/3/2022,24.23,23.35,25.18,25.44
9/4/2022,24.23,23.35,25.18,25.44
9/5/2022,24.23,23.35,25.18,25.44
9/6/2022,23.21,22.23,24.18,24.41
9/7/2022,23.21,22.23,24.18,24.41
9/8/2022,23.21,22.23,24.18,24.41
9/9/2022,23.21,22.23,24.18,24.41
9/10/2022,23.21,22.23,24.18,24.41
9/11/2022,23.21,22.23,24.18,24.41
9/12/2022,23.21,22.23,24.18,24.41
9/13/2022,22.58,21.78,22.53,22.44
9/14/2022,22.58,21.78,22.53,22.44
9/15/2022,22.58,21.78,22.53,22.44
9/16/2022,22.58,21.78,22.53,22.44
9/17/2022,22.58,21.78,22.53,22.44
9/18/2022,22.58,21.78,22.53,22.44
9/19/2022,22.58,21.78,22.53,22.44
9/20/2022,22.58,21.78,22.53,22.44
9/21/2022,22.58,21.78,22.53,22.44
9/22/2022,21.44,20.73,22.2,21.68
9/23/2022,21.44,20.73,22.2,21.68
9/24/2022,21.44,20.73,22.2,21.68
9/25/2022,21.44,20.73,22.2,21.68
9/26/2022,21.44,20.73,22.2,21.68
9/27/2022,21.44,20.73,22.2,21.68
9/28/2022,21.44,20.73,22.2,21.68
9/29/2022,21.44,20.73,22.2,21.68
9/30/2022,21.44,20.73,22.2,21.68
10/1/2022,21.44,20.73,22.2,21.68
10/2/2022,21.44,20.73,22.2,21.68
10/3/2022,21.44,20.73,22.2,21.68
10/4/2022,22,21.29,24.18,22.82
10/5/2022,22,21.29,24.18,22.82
10/6/2022,22,21.29,24.18,22.82
10/7/2022,22,21.29,24.18,22.82
10/8/2022,22,21.29,24.18,22.82
10/9/2022,22,21.29,24.18,22.82
10/10/2022,22,21.29,24.18,22.82
10/11/2022,22,21.29,24.18,22.82
10/12/2022,22.34,21.49,24.78,23.66
10/13/2022,22.34,21.49,24.78,23.66
10/14/2022,22.34,21.49,24.78,23.66
10/15/2022,22.34,21.49,24.78,23.66
10/16/2022,22.34,21.49,24.78,23.66
10/17/2022,22.34,21.49,24.78,23.66
10/18/2022,22.34,21.49,24.78,23.66
10/19/2022,22.34,21.49,24.78,23.66
10/20/2022,22.34,21.49,24.78,23.66
10/21/2022,22.34,21.49,24.78,23.66
10/22/2022,22.75,21.87,25.07,23.78
10/23/2022,22.75,21.87,25.07,23.78
10/24/2022,22.75,21.87,25.07,23.78
10/25/2022,22.75,21.87,25.07,23.78
10/26/2022,22.75,21.87,25.07,23.78
10/27/2022,22.75,21.87,25.07,23.78
10/28/2022,22.75,21.87,25.07,23.78
10/29/2022,22.75,21.87,25.07,23.78
10/30/2022,22.75,21.87,25.07,23.78
10/31/2022,22.75,21.87,25.07,23.78
11/1/2022,22.75,21.87,25.07,23.78
11/2/2022,23.86,22.71,24.98,24.74
11/3/2022,23.86,22.71,24.98,24.74
11/4/2022,23.86,22.71,24.98,24.74
11/5/2022,23.86,22.71,24.98,24.74
11/6/2022,23.86,22.71,24.98,24.74
11/7/2022,23.86,22.71,24.98,24.74
11/8/2022,23.86,22.71,24.98,24.74
11/9/2022,23.86,22.71,24.98,24.74
11/10/2022,23.86,22.71,24.98,24.74
11/11/2022,23.86,22.71,24.98,24.74
11/12/2022,23.78,22.67,24.8,24.64
11/13/2022,23.78,22.67,24.8,24.64
11/14/2022,23.78,22.67,24.8,24.64
11/15/2022,23.78,22.67,24.8,24.64
11/16/2022,23.78,22.67,24.8,24.64
11/17/2022,23.78,22.67,24.8,24.64
11/18/2022,23.78,22.67,24.8,24.64
11/19/2022,23.78,22.67,24.8,24.64
11/20/2022,23.78,22.67,24.8,24.64
11/21/2022,23.78,22.67,24.8,24.64
11/22/2022,22.7,21.67,23.21,23.56
11/23/2022,22.7,21.67,23.21,23.56
11/24/2022,22.7,21.67,23.21,23.56
11/25/2022,22.7,21.67,23.21,23.56
11/26/2022,22.7,21.67,23.21,23.56
11/27/2022,22.7,21.67,23.21,23.56
11/28/2022,22.7,21.67,23.21,23.56
11/29/2022,22.7,21.67,23.21,23.56
11/30/2022,22.7,21.67,23.21,23.56
12/1/2022,22.7,21.67,23.21,23.56
12/2/2022,21.2,20.34,21.67,21.9
12/3/2022,21.2,20.34,21.67,21.9
12/4/2022,21.2,20.34,21.67,21.9
12/5/2022,21.2,20.34,21.67,21.9
12/6/2022,21.2,20.34,21.67,21.9
12/7/2022,21.2,20.34,21.67,21.9
12/8/2022,21.2,20.34,21.67,21.9
12/9/2022,21.2,20.34,21.67,21.9
12/10/2022,21.2,20.34,21.67,21.9
12/11/2022,21.2,20.34,21.67,21.9
12/12/2022,21.2,20.34,21.67,21.9
12/13/2022,20.7,19.97,21.6,21.83
12/14/2022,20.7,19.97,21.6,21.83
12/15/2022,20.7,19.97,21.6,21.83
12/16/2022,20.7,19.97,21.6,21.83
12/17/2022,20.7,19.97,21.6,21.83
12/18/2022,20.7,19.97,21.6,21.83
12/19/2022,20.7,19.97,21.6,21.83
12/20/2022,20.7,19.97,21.6,21.83
12/21/2022,20.7,19.97,21.6,21.83
12/22/2022,21.8,21.02,22.15,22.16
12/23/2022,21.8,21.02,22.15,22.16
12/24/2022,21.8,21.02,22.15,22.16
12/25/2022,21.8,21.02,22.15,22.16
12/26/2022,21.8,21.02,22.15,22.16
12/27/2022,21.8,21.02,22.15,22.16
12/28/2022,21.8,21.02,22.15,22.16
12/29/2022,21.8,21.02,22.15,22.16
12/30/2022,21.8,21.02,22.15,22.16
12/31/2022,21.8,21.02,22.15,22.16
1/1/2023,21.8,21.02,22.15,22.16
1/2/2023,22.15,21.35,22.15,22.76
1/3/2023,22.15,21.35,22.15,22.76
1/4/2023,22.15,21.35,21.63,21.8
1/5/2023,22.15,21.35,21.63,21.8
1/6/2023,22.15,21.35,21.63,21.8
1/7/2023,22.15,21.35,21.63,21.8
1/8/2023,22.15,21.35,21.63,21.8
1/9/2023,22.15,21.35,21.63,21.8
1/10/2023,22.15,21.35,21.63,21.8
1/11/2023,22.15,21.35,21.63,21.8
1/12/2023,23.14,22.32,22.52,22.57
1/13/2023,23.14,22.32,22.52,22.57
1/14/2023,23.14,22.32,22.52,22.57
1/15/2023,23.14,22.32,22.52,22.57
1/16/2023,23.14,22.32,22.52,22.57
1/17/2023,23.14,22.32,22.52,22.57
1/18/2023,23.14,22.32,22.52,22.57
1/19/2023,23.14,22.32,22.52,22.57
1/20/2023,23.14,22.32,22.52,22.57
1/21/2023,23.14,22.32,22.52,22.57
1/22/2023,23.14,22.32,22.52,22.57
1/23/2023,23.14,22.32,22.52,22.57
1/24/2023,23.14,22.32,22.52,22.57
1/25/2023,23.14,22.32,22.52,22.57
1/26/2023,23.14,22.32,22.52,22.57
1/27/2023,23.14,22.32,22.52,22.57
1/28/2023,23.14,22.32,22.52,22.57
1/29/2023,23.14,22.32,22.52,22.57
1/30/2023,23.14,22.32,22.52,22.57
1/31/2023,23.76,22.86,21.56,21.59
2/1/2023,23.76,22.86,21.56,21.59
2/2/2023,23.76,22.86,21.56,21.59
2/3/2023,23.76,22.86,21.56,21.59
2/4/2023,23.76,22.86,21.56,21.59
2/5/2023,23.76,22.86,21.56,21.59
2/6/2023,23.76,22.86,21.56,21.59
2/7/2023,23.76,22.86,21.56,21.59
2/8/2023,23.76,22.86,21.56,21.59
2/9/2023,23.76,22.86,21.56,21.59
2/10/2023,23.76,22.86,21.56,21.59
2/11/2023,23.76,22.86,21.56,21.59
2/12/2023,23.76,22.86,21.56,21.59
2/13/2023,23.76,22.86,21.56,21.59
2/14/2023,23.44,22.54,20.8,20.84
2/15/2023,23.44,22.54,20.8,20.84
2/16/2023,23.44,22.54,20.8,20.84
2/17/2023,23.44,22.54,20.8,20.84
2/18/2023,23.44,22.54,20.8,20.84
2/19/2023,23.44,22.54,20.8,20.84
2/20/2023,23.44,22.54,20.8,20.84
2/21/2023,23.44,22.54,20.8,20.84
2/22/2023,23.32,22.42,20.25,20.47
2/23/2023,23.32,22.42,20.25,20.47
2/24/2023,23.32,22.42,20.25,20.47
2/25/2023,23.32,22.42,20.25,20.47
2/26/2023,23.32,22.42,20.25,20.47
2/27/2023,23.32,22.42,20.25,20.47
2/28/2023,23.32,22.42,20.25,20.47
3/1/2023,23.32,22.42,20.25,20.47
3/2/2023,23.81,22.8,20.5,20.71
3/3/2023,23.81,22.8,20.5,20.71
3/4/2023,23.81,22.8,20.5,20.71
3/5/2023,23.81,22.8,20.5,20.71
3/6/2023,23.81,22.8,20.5,20.71
3/7/2023,23.81,22.8,20.5,20.71
3/8/2023,23.81,22.8,20.5,20.71
3/9/2023,23.81,22.8,20.5,20.71
3/10/2023,23.81,22.8,20.5,20.71
3/11/2023,23.81,22.8,20.5,20.71
3/12/2023,23.81,22.8,20.5,20.71
3/13/2023,23.81,22.8,20.5,20.71
3/14/2023,23.03,22.02,19.3,19.46
3/15/2023,23.03,22.02,19.3,19.46
3/16/2023,23.03,22.02,19.3,19.46
3/17/2023,23.03,22.02,19.3,19.46
3/18/2023,23.03,22.02,19.3,19.46
3/19/2023,23.03,22.02,19.3,19.46
3/20/2023,23.03,22.02,19.3,19.46
3/21/2023,23.03,22.02,19.3,19.46
3/22/2023,23.12,22.08,19.43,19.03
3/23/2023,23.12,22.08,19.43,19.03
3/24/2023,23.12,22.08,19.43,19.03
3/25/2023,23.12,22.08,19.43,19.03
3/26/2023,23.12,22.08,19.43,19.03
3/27/2023,23.12,22.08,19.43,19.03
3/28/2023,23.12,22.08,19.43,19.03
3/29/2023,23.12,22.08,19.43,19.03
3/30/2023,23.12,22.08,19.43,19.03
3/31/2023,23.12,22.08,19.43,19.03
4/1/2023,23.12,22.08,19.43,19.03
4/2/2023,23.12,22.08,19.43,19.03
4/3/2023,23.12,22.08,19.43,19.03
4/4/2023,24.24,23.17,20.14,19.73
4/5/2023,24.24,23.17,20.14,19.73
4/6/2023,24.24,23.17,20.14,19.73
4/7/2023,24.24,23.17,20.14,19.73
4/8/2023,24.24,23.17,20.14,19.73
4/9/2023,24.24,23.17,20.14,19.73
4/10/2023,24.24,23.17,20.14,19.73
4/11/2023,24.24,23.17,20.14,19.73
4/12/2023,23.63,22.68,19.39,19.48
4/13/2023,23.63,22.68,19.39,19.48
4/14/2023,23.63,22.68,19.39,19.48
4/15/2023,23.63,22.68,19.39,19.48
4/16/2023,23.63,22.68,19.39,19.48
4/17/2023,23.63,22.68,19.39,19.48
4/18/2023,23.63,22.68,19.39,19.48
4/19/2023,23.63,22.68,19.39,19.48
4/20/2023,23.63,22.68,19.39,19.48
4/21/2023,23.63,22.68,19.39,19.48
4/22/2023,22.32,21.43,18.25,18.52
4/23/2023,22.32,21.43,18.25,18.52
4/24/2023,22.32,21.43,18.25,18.52
4/25/2023,22.32,21.43,18.25,18.52
4/26/2023,22.32,21.43,18.25,18.52
4/27/2023,22.32,21.43,18.25,18.52
4/28/2023,22.32,21.43,18.25,18.52
4/29/2023,22.32,21.43,18.25,18.52
4/30/2023,22.32,21.43,18.25,18.52
5/1/2023,22.32,21.43,18.25,18.52
5/2/2023,22.32,21.43,18.25,18.52
5/3/2023,22.32,21.43,18.25,18.52
5/4/2023,22.32,21.43,18.25,18.52
5/5/2023,21,20.13,17.65,17.97
5/6/2023,21,20.13,17.65,17.97
5/7/2023,21,20.13,17.65,17.97
5/8/2023,21,20.13,17.65,17.97
5/9/2023,21,20.13,17.65,17.97
5/10/2023,21,20.13,17.65,17.97
5/11/2023,21,20.13,17.65,17.97
5/12/2023,21.49,20.48,17.95,17.96
5/13/2023,21.49,20.48,17.95,17.96
5/14/2023,21.49,20.48,17.95,17.96
5/15/2023,21.49,20.48,17.95,17.96
5/16/2023,21.49,20.48,17.95,17.96
5/17/2023,21.49,20.48,17.95,17.96
5/18/2023,21.49,20.48,17.95,17.96
5/19/2023,21.49,20.48,17.95,17.96
5/20/2023,21.49,20.48,17.95,17.96
5/21/2023,21.49,20.48,17.95,17.96
5/22/2023,21.49,20.48,17.95,17.96
5/23/2023,22.01,20.87,17.94,17.77
5/24/2023,22.01,20.87,17.94,17.77
5/25/2023,22.01,20.87,17.94,17.77
5/26/2023,22.01,20.87,17.94,17.77
5/27/2023,22.01,20.87,17.94,17.77
5/28/2023,22.01,20.87,17.94,17.77
5/29/2023,22.01,20.87,17.94,17.77
5/30/2023,22.01,20.87,17.94,17.77
5/31/2023,22.01,20.87,17.94,17.77
6/1/2023,22.01,20.87,17.94,17.77
6/2/2023,22.01,20.87,18.02,17.82
6/3/2023,22.01,20.87,18.02,17.82
6/4/2023,22.01,20.87,18.02,17.82
6/5/2023,22.01,20.87,18.02,17.82
6/6/2023,22.01,20.87,18.02,17.82
6/7/2023,22.01,20.87,18.02,17.82
6/8/2023,22.01,20.87,18.02,17.82
6/9/2023,22.01,20.87,18.02,17.82
6/10/2023,22.01,20.87,18.02,17.82
6/11/2023,22.01,20.87,18.02,17.82
6/12/2023,22.01,20.87,18.02,17.82
6/13/2023,22.01,20.87,18.17,17.95
6/14/2023,22.01,20.87,18.17,17.95
6/15/2023,22.01,20.87,18.17,17.95
6/16/2023,22.01,20.87,18.17,17.95
6/17/2023,22.01,20.87,18.17,17.95
6/18/2023,22.01,20.87,18.17,17.95
6/19/2023,22.01,20.87,18.17,17.95
6/20/2023,22.01,20.87,18.17,17.95
6/21/2023,22.01,20.87,18.17,17.95
6/22/2023,21.42,20.47,18.16,17.92
6/23/2023,21.42,20.47,18.16,17.92
6/24/2023,21.42,20.47,18.16,17.92
6/25/2023,21.42,20.47,18.16,17.92
6/26/2023,21.42,20.47,18.16,17.92
6/27/2023,21.42,20.47,18.16,17.92
6/28/2023,21.42,20.47,18.16,17.92
6/29/2023,21.42,20.47,18.16,17.92
6/30/2023,21.42,20.47,18.16,17.92
7/1/2023,21.42,20.47,18.16,17.92
7/2/2023,21.42,20.47,18.16,17.92
7/3/2023,21.42,20.47,18.16,17.92
7/4/2023,21.49,20.41,18.61,18.32
7/5/2023,21.49,20.41,18.61,18.32
7/6/2023,21.49,20.41,18.61,18.32
7/7/2023,21.49,20.41,18.61,18.32
7/8/2023,21.49,20.41,18.61,18.32
7/9/2023,21.49,20.41,18.61,18.32
7/10/2023,21.49,20.41,18.61,18.32
7/11/2023,21.49,20.41,18.61,18.32
7/12/2023,22.79,21.63,19.5,19.18
7/13/2023,22.79,21.63,19.5,19.18
7/14/2023,22.79,21.63,19.5,19.18
7/15/2023,22.79,21.63,19.5,19.18
7/16/2023,22.79,21.63,19.5,19.18
7/17/2023,22.79,21.63,19.5,19.18
7/18/2023,22.79,21.63,19.5,19.18
7/19/2023,22.79,21.63,19.5,19.18
7/20/2023,22.79,21.63,19.5,19.18
7/21/2023,22.79,21.63,19.5,19.18
7/22/2023,23.96,22.79,20.61,20.27
7/23/2023,23.96,22.79,20.61,20.27
7/24/2023,23.96,22.79,20.61,20.27
7/25/2023,23.96,22.79,20.61,20.27
7/26/2023,23.96,22.79,20.61,20.27
7/27/2023,23.96,22.79,20.61,20.27
7/28/2023,23.96,22.79,20.61,20.27
7/29/2023,23.96,22.79,20.61,20.27
7/30/2023,23.96,22.79,20.61,20.27
7/31/2023,23.96,22.79,20.61,20.27
8/1/2023,23.96,22.79,20.61,20.27
8/2/2023,23.99,22.82,22.42,21.88
8/3/2023,23.99,22.82,22.42,21.88
8/4/2023,23.99,22.82,22.42,21.88
8/5/2023,23.99,22.82,22.42,21.88
8/6/2023,23.99,22.82,22.42,21.88
8/7/2023,23.99,22.82,22.42,21.88
8/8/2023,23.99,22.82,22.42,21.88
8/9/2023,23.99,22.82,22.42,21.88
8/10/2023,23.99,22.82,22.42,21.88
8/11/2023,23.99,22.82,22.42,21.88
8/12/2023,24.6,23.33,22.35,22.3
8/13/2023,24.6,23.33,22.35,22.3
8/14/2023,24.6,23.33,22.35,22.3
8/15/2023,24.6,23.33,22.35,22.3
8/16/2023,24.6,23.33,22.35,22.3
8/17/2023,24.6,23.33,22.35,22.3
8/18/2023,24.6,23.33,22.35,22.3
8/19/2023,24.6,23.33,22.35,22.3
8/20/2023,24.6,23.33,22.35,22.3
8/21/2023,24.6,23.33,22.35,22.3
8/22/2023,24.87,23.47,22.64,22.81
8/23/2023,24.87,23.47,22.64,22.81
8/24/2023,24.87,23.47,22.64,22.81
8/25/2023,24.87,23.47,22.64,22.81
8/26/2023,24.87,23.47,22.64,22.81
8/27/2023,24.87,23.47,22.64,22.81
8/28/2023,24.87,23.47,22.64,22.81
8/29/2023,24.87,23.47,22.64,22.81
8/30/2023,24.87,23.47,22.64,22.81
8/31/2023,24.87,23.47,22.64,22.81
9/1/2023,24.87,23.47,22.64,22.81
9/2/2023,24.87,23.47,22.64,22.81
9/3/2023,24.87,23.47,22.64,22.81
9/4/2023,24.87,23.47,22.64,22.81
9/5/2023,24.87,23.47,22.64,22.81
9/6/2023,24.87,23.47,23.05,23.18
9/7/2023,24.87,23.47,23.05,23.18
9/8/2023,24.87,23.47,23.05,23.18
9/9/2023,24.87,23.47,23.05,23.18
9/10/2023,24.87,23.47,23.05,23.18
9/11/2023,24.87,23.47,23.05,23.18
9/12/2023,25.74,24.19,23.59,23.81
9/13/2023,25.74,24.19,23.59,23.81
9/14/2023,25.74,24.19,23.59,23.81
9/15/2023,25.74,24.19,23.59,23.81
9/16/2023,25.74,24.19,23.59,23.81
9/17/2023,25.74,24.19,23.59,23.81
9/18/2023,25.74,24.19,23.59,23.81
9/19/2023,25.74,24.19,23.59,23.81
9/20/2023,25.74,24.19,23.59,23.81
9/21/2023,25.74,24.19,23.59,23.81
9/22/2023,24.84,23.5,23.59,23.81
9/23/2023,24.84,23.5,23.59,23.81
9/24/2023,24.84,23.5,23.59,23.81
9/25/2023,24.84,23.5,23.59,23.81
9/26/2023,24.84,23.5,23.59,23.81
9/27/2023,24.84,23.5,23.59,23.81
9/28/2023,24.84,23.5,23.59,23.81
9/29/2023,24.84,23.5,23.59,23.81
9/30/2023,24.84,23.5,23.59,23.81
10/1/2023,24.84,23.5,23.59,23.81
10/2/2023,24.84,23.5,23.59,23.81
10/3/2023,23.04,21.9,22.41,22.46
10/4/2023,23.04,21.9,22.41,22.46
10/5/2023,23.04,21.9,22.41,22.46
10/6/2023,23.04,21.9,22.41,22.46
10/7/2023,23.04,21.9,22.41,22.46
10/8/2023,23.04,21.9,22.41,22.46
10/9/2023,23.04,21.9,22.41,22.46
10/10/2023,23.04,21.9,22.41,22.46
10/11/2023,23.04,21.9,22.41,22.46
10/12/2023,23.51,22.36,22.48,22.75
10/13/2023,23.51,22.36,22.48,22.75
10/14/2023,23.51,22.36,22.48,22.75
10/15/2023,23.51,22.36,22.48,22.75
10/16/2023,23.51,22.36,22.48,22.75
10/17/2023,23.51,22.36,22.48,22.75
10/18/2023,23.51,22.36,22.48,22.75
10/19/2023,23.51,22.36,22.48,22.75
10/20/2023,23.51,22.36,22.48,22.75
10/21/2023,23.51,22.36,22.48,22.75
10/22/2023,23.51,22.36,22.48,22.75
10/23/2023,23.51,22.36,22.48,22.75
