name,datetime,tempmax,tempmin,temp,feelslikemax,feelslikemin,feelslike,dew,humidity,precip,precipprob,precipcover,preciptype,snow,snowdepth,windgust,windspeed,winddir,sealevelpressure,cloudcover,visibility,solarradiation,solarenergy,uvindex,severerisk,sunrise,sunset,moonphase,conditions,description,icon,stations
vietnam,2021-01-01,18.3,9.5,13.4,18.3,7.5,13.3,-0.5,42.3,0,0,0,,,,,14.8,16.2,1025.5,29.5,9.3,208.4,17.8,8,,2021-01-01T06:33:47,2021-01-01T17:26:34,0.57,Partially cloudy,Partly cloudy throughout the day.,partly-cloudy-day,"48820099999,48823099999,48825099999,48831099999,VVNB"
vietnam,2021-01-02,20,7.7,13.5,20,7.7,13.5,3.9,56.3,0,0,0,,,,,9.4,77.3,1022.1,11.2,7.3,206.3,17.8,8,,2021-01-02T06:34:06,2021-01-02T17:27:12,0.61,Clear,Clear conditions throughout the day.,clear-day,"48820099999,48823099999,48825099999,48831099999,VVNB"
vietnam,2021-01-03,21,9.8,15.1,21,9.3,15.1,5.4,54.4,0,0,0,,,,,18.4,54.3,1021.8,17.7,7.7,197.8,17.1,7,,2021-01-03T06:34:23,2021-01-03T17:27:50,0.64,Clear,Clear conditions throughout the day.,clear-day,"48820099999,48823099999,48825099999,48831099999,VVNB"
vietnam,2021-01-04,20,13.8,16.9,20,13.8,16.9,6,49.8,0,0,0,,,,,9.4,19.6,1021.1,45.9,8.5,193.7,16.7,7,,2021-01-04T06:34:39,2021-01-04T17:28:28,0.68,Partially cloudy,Partly cloudy throughout the day.,partly-cloudy-day,"48820099999,48823099999,48825099999,48831099999,VVNB"
vietnam,2021-01-05,19.7,14,17.2,19.7,14,17.2,9.9,62.8,0,0,0,,,,,11.2,348.6,1020.3,89.8,5.4,163.3,14.2,6,,2021-01-05T06:34:55,2021-01-05T17:29:07,0.72,Partially cloudy,Partly cloudy throughout the day.,partly-cloudy-day,"48820099999,48823099999,48825099999,48831099999,VVNB"
vietnam,2021-01-06,17.7,16,16.5,17.7,16,16.5,9.9,65.5,0,0,0,,,,,13,11.6,1019.1,87.6,6.8,158.1,13.7,6,,2021-01-06T06:35:09,2021-01-06T17:29:47,0.75,Partially cloudy,Partly cloudy throughout the day.,partly-cloudy-day,"48820099999,48823099999,48825099999,48831099999,VVNB"
vietnam,2021-01-07,16.4,12,14.5,16.4,12,14.5,7.6,63.5,0.01,100,4.17,rain,,,,20.5,29.8,1020.1,89.5,7.8,134.8,11.7,5,,2021-01-07T06:35:21,2021-01-07T17:30:26,0.79,"Rain, Partially cloudy",Partly cloudy throughout the day with afternoon rain.,rain,"48820099999,48823099999,48825099999,48831099999,VVNB"
vietnam,2021-01-08,12.1,10,11.1,12.1,10,11.1,2,53.8,0.1,100,4.17,rain,,,,22.3,19.7,1025.6,87.3,10.1,134.2,11.6,5,,2021-01-08T06:35:33,2021-01-08T17:31:06,0.82,"Rain, Partially cloudy",Partly cloudy throughout the day with early morning rain.,rain,"48820099999,48823099999,48825099999,48831099999,VVNB"
vietnam,2021-01-09,12,9,10.4,12,6.7,9.8,-2.1,42.2,0,0,0,,,,,14.8,30.4,1025.2,76.2,10.1,179.4,15.3,7,,2021-01-09T06:35:43,2021-01-09T17:31:46,0.86,Partially cloudy,Partly cloudy throughout the day.,partly-cloudy-day,"48820099999,48823099999,48825099999,48831099999,VVNB"
vietnam,2021-01-10,12.6,10,11,12.6,10,11,-1.9,41,0,0,0,,,,,13,7.6,1024.3,80.5,10,183,15.9,7,,2021-01-10T06:35:52,2021-01-10T17:32:27,0.89,Partially cloudy,Partly cloudy throughout the day.,partly-cloudy-day,"48820099999,48823099999,48825099999,48831099999,VVNB"
vietnam,2021-01-11,16,11,12.9,16,11,12.9,-1.7,37.6,0,0,0,,,,,20.5,353.3,1028.8,80.7,10.1,141.6,12.3,5,,2021-01-11T06:36:00,2021-01-11T17:33:07,0.93,Partially cloudy,Partly cloudy throughout the day.,partly-cloudy-day,"48820099999,48823099999,48825099999,48831099999,VVNB"
vietnam,2021-01-12,19,6.1,14.4,19,3.4,14.3,-1.5,36.7,0,0,0,,,,,16.6,328.3,1026,42,10,209.2,17.9,8,,2021-01-12T06:36:06,2021-01-12T17:33:48,0.96,Partially cloudy,Partly cloudy throughout the day.,partly-cloudy-day,"48820099999,48823099999,48825099999,48831099999,VVNB,remote"
vietnam,2021-01-13,21,9.4,15.3,21,9,15.3,2.9,46.6,0,0,0,,,,,18.4,122.6,1018.6,23.3,8.3,204.4,17.4,8,,2021-01-13T06:36:11,2021-01-13T17:34:29,0,Partially cloudy,Partly cloudy throughout the day.,partly-cloudy-day,"48820099999,48823099999,48825099999,48831099999,VVNB"
vietnam,2021-01-14,21,10.7,15.8,21,10.7,15.8,7.4,59.1,0,0,0,,,,,11.2,124,1017.1,12.5,7,176.2,15.2,7,,2021-01-14T06:36:15,2021-01-14T17:35:09,0.03,Clear,Clear conditions throughout the day.,clear-day,"48820099999,48823099999,48825099999,48831099999,VVNB"
vietnam,2021-01-15,19,10.6,16.1,19,10.6,16.1,12,77.7,0,0,0,,,,,14.8,100,1015.4,44.6,4.4,147.6,12.7,5,,2021-01-15T06:36:17,2021-01-15T17:35:50,0.06,Partially cloudy,Partly cloudy throughout the day.,partly-cloudy-day,"48820099999,48823099999,48825099999,48831099999,VVNB,remote"
vietnam,2021-01-16,20.2,16,18.1,20.2,16,18.1,13.2,73.3,0,0,0,,,,,9.4,18.3,1016,65.8,4.5,132.7,11.4,5,,2021-01-16T06:36:18,2021-01-16T17:36:31,0.1,Partially cloudy,Partly cloudy throughout the day.,partly-cloudy-day,"48820099999,48823099999,48825099999,48831099999,VVNB"
vietnam,2021-01-17,18,13,15.7,18,13,15.7,9.9,70.3,2.635,100,8.33,rain,,,,22.3,4,1024.8,78.1,7.2,56.6,4.9,2,,2021-01-17T06:36:18,2021-01-17T17:37:12,0.13,"Rain, Partially cloudy",Partly cloudy throughout the day with rain in the morning and afternoon.,rain,"48820099999,48823099999,48825099999,48831099999,VVNB"
vietnam,2021-01-18,19.5,10,15,19.5,10,15,3.7,47.5,0,0,0,,,,,13.8,11.7,1024.3,22.4,9.6,209.6,18,8,,2021-01-18T06:36:16,2021-01-18T17:37:52,0.16,Partially cloudy,Partly cloudy throughout the day.,partly-cloudy-day,"48820099999,48823099999,48825099999,48831099999,VVNB"
vietnam,2021-01-19,21,10,15,21,10,15,7.9,65.6,0,0,0,,,,,16.6,111,1018.8,0.2,6.9,215.8,18.6,8,,2021-01-19T06:36:14,2021-01-19T17:38:33,0.19,Clear,Clear conditions throughout the day.,clear-day,"48820099999,48823099999,48825099999,48831099999,VVNB,remote"
vietnam,2021-01-20,20.7,12,16.3,20.7,12,16.3,11.1,72.7,0,0,0,,,,,11.2,75.9,1016.9,37,4.8,193.6,16.6,7,,2021-01-20T06:36:09,2021-01-20T17:39:13,0.22,Partially cloudy,Partly cloudy throughout the day.,partly-cloudy-day,"48820099999,48823099999,48825099999,48831099999,VVNB"
vietnam,2021-01-21,18.1,16,16.9,18.1,16,16.9,13.4,80.3,0,0,0,,,,,9.4,289.2,1015.9,53.8,3.5,209.3,18.2,8,,2021-01-21T06:36:04,2021-01-21T17:39:54,0.25,Partially cloudy,Partly cloudy throughout the day.,partly-cloudy-day,"48820099999,48823099999,48825099999,48831099999,VVNB"
vietnam,2021-01-22,23,16,18.8,23,16,18.8,13.8,73.5,0,0,0,,,,,11.2,295,1015.4,22.8,4,179,15.2,6,,2021-01-22T06:35:57,2021-01-22T17:40:34,0.29,Partially cloudy,Partly cloudy throughout the day.,partly-cloudy-day,"48820099999,48823099999,48825099999,48831099999,VVNB"
vietnam,2021-01-23,23.5,14,18.9,23.5,14,18.9,13.1,71,0,0,0,,,,,11.2,91.3,1014.5,18.1,4.7,166.7,14.4,7,,2021-01-23T06:35:49,2021-01-23T17:41:14,0.32,Clear,Clear conditions throughout the day.,clear-day,"48820099999,48823099999,48825099999,48831099999,VVNB"
vietnam,2021-01-24,24.4,15.9,20,24.4,15.9,20,14.3,70.8,0,0,0,,,,,18.4,115.4,1013.1,22.7,5.3,204.4,17.6,7,,2021-01-24T06:35:39,2021-01-24T17:41:53,0.35,Partially cloudy,Partly cloudy throughout the day.,partly-cloudy-day,"48820099999,48823099999,48825099999,48831099999,VVNB"
vietnam,2021-01-25,22,19,20.5,22,19,20.5,18,86,0.1,100,8.33,rain,,,,14.8,128,1014.9,69.9,4.3,189.1,16.4,7,,2021-01-25T06:35:28,2021-01-25T17:42:33,0.38,"Rain, Partially cloudy",Partly cloudy throughout the day with rain in the morning and afternoon.,rain,"48820099999,48823099999,48825099999,48831099999,VVNB"
vietnam,2021-01-26,25,19,21.3,25,19,21.3,16.8,76.4,0,0,0,,,,,20.5,140.4,1016.1,54.3,7.1,157.7,13.6,6,,2021-01-26T06:35:16,2021-01-26T17:43:12,0.42,Partially cloudy,Partly cloudy throughout the day.,partly-cloudy-day,"48820099999,48823099999,48825099999,48831099999,VVNB"
vietnam,2021-01-27,23.7,18,20.7,23.7,18,20.7,15.6,73.3,0,0,0,,,,,16.6,117,1015.8,89.2,8.5,164.8,14.3,6,,2021-01-27T06:35:02,2021-01-27T17:43:51,0.45,Partially cloudy,Partly cloudy throughout the day.,partly-cloudy-day,"48820099999,48823099999,48825099999,48831099999,VVNB"
vietnam,2021-01-28,20,16,18.4,20,16,18.4,13.6,74.4,0.293,100,4.17,rain,,,,22.3,45.2,1021.1,93.2,8.3,132.2,11.3,5,,2021-01-28T06:34:47,2021-01-28T17:44:29,0.48,"Rain, Overcast",Cloudy skies throughout the day with afternoon rain.,rain,"48820099999,48823099999,48825099999,48831099999,VVNB"
vietnam,2021-01-29,22,16,18.3,22,16,18.3,11.8,67.1,0,0,0,,,,,14.8,103.7,1020.9,73.9,8.1,134.8,11.5,5,,2021-01-29T06:34:31,2021-01-29T17:45:07,0.5,Partially cloudy,Partly cloudy throughout the day.,partly-cloudy-day,"48820099999,48823099999,48825099999,48831099999,VVNB"
vietnam,2021-01-30,19.3,15,17.4,19.3,15,17.4,14.4,82.6,0.002,100,4.17,rain,,,,14.8,82.5,1019.8,80.7,4.9,182.9,15.8,7,,2021-01-30T06:34:14,2021-01-30T17:45:45,0.55,"Rain, Partially cloudy",Partly cloudy throughout the day with afternoon rain.,rain,"48820099999,48823099999,48825099999,48831099999,VVNB"
vietnam,2021-01-31,19,17,18.3,19,17,18.3,15.8,86,0.978,100,4.17,rain,,,,9.4,92.7,1019.3,86.7,3.7,195.1,16.8,7,,2021-01-31T06:33:55,2021-01-31T17:46:22,0.59,"Rain, Partially cloudy",Partly cloudy throughout the day with afternoon rain.,rain,"48820099999,48823099999,48825099999,48831099999,VVNB"
vietnam,2021-02-01,23.1,18,20.2,23.1,18,20.2,16.7,80.6,0,0,0,,,,,14.8,129.1,1018.2,71.7,5.6,185.2,16.1,7,,2021-02-01T06:33:35,2021-02-01T17:46:59,0.62,Partially cloudy,Partly cloudy throughout the day.,partly-cloudy-day,"48820099999,48823099999,48825099999,48831099999,VVNB"
vietnam,2021-02-02,23,18.8,20.6,23,18.8,20.6,16.8,79.1,0,0,0,,,,,13,117,1018.8,70,6.8,176.6,15.1,7,,2021-02-02T06:33:14,2021-02-02T17:47:36,0.66,Partially cloudy,Partly cloudy throughout the day.,partly-cloudy-day,"48820099999,48823099999,48825099999,48831099999,VVNB"
vietnam,2021-02-03,26,16,21,26,16,21,16,75,0,0,0,,,,,16.6,125,1019.3,32.9,7.2,194,16.7,7,,2021-02-03T06:32:52,2021-02-03T17:48:12,0.69,Partially cloudy,Partly cloudy throughout the day.,partly-cloudy-day,"48820099999,48823099999,48825099999,48831099999,remote,VVNB"
vietnam,2021-02-04,24,17,20,24,17,20,16.4,80.8,0.098,100,4.17,rain,,,,13,103.1,1019.9,50.5,6.3,209.2,18.2,8,,2021-02-04T06:32:28,2021-02-04T17:48:47,0.73,"Rain, Partially cloudy",Partly cloudy throughout the day with afternoon rain.,rain,"48820099999,48823099999,48825099999,48831099999,VVNB"
vietnam,2021-02-05,26,17,21,26,17,21,15.6,73.2,0,0,0,,,,,14.8,114.8,1018.1,41.3,6.7,210.3,18.2,8,,2021-02-05T06:32:04,2021-02-05T17:49:23,0.75,Partially cloudy,Partly cloudy throughout the day.,partly-cloudy-day,"48820099999,48823099999,48825099999,48831099999,VVNB"
vietnam,2021-02-06,24.8,17,20.3,24.8,17,20.3,15.6,76,0,0,0,,,,,14.8,111.6,1017,31.7,6.5,218.7,18.9,8,,2021-02-06T06:31:38,2021-02-06T17:49:57,0.8,Partially cloudy,Partly cloudy throughout the day.,partly-cloudy-day,"48820099999,48823099999,48825099999,48831099999,VVNB"
vietnam,2021-02-07,26,17,21.3,26,17,21.3,15.5,71.6,0,0,0,,,,,13,101.7,1015.9,46.8,5.9,226.4,19.4,8,,2021-02-07T06:31:11,2021-02-07T17:50:32,0.84,Partially cloudy,Partly cloudy throughout the day.,partly-cloudy-day,"48820099999,48823099999,48825099999,48831099999,VVNB"
vietnam,2021-02-08,23.7,16.7,20.6,23.7,16.7,20.6,16.5,78,1.964,100,8.33,rain,,,,24.1,297,1017.6,57.2,6.5,181.6,15.6,6,,2021-02-08T06:30:42,2021-02-08T17:51:05,0.87,"Rain, Partially cloudy",Partly cloudy throughout the day with rain.,rain,"48820099999,48823099999,48825099999,48831099999,VVNB"
vietnam,2021-02-09,17,15,15.9,17,15,15.9,14.2,89.8,42.687,100,16.67,rain,,,,20.5,304.5,1017.3,87.4,7.9,104.7,9.1,4,,2021-02-09T06:30:13,2021-02-09T17:51:39,0.91,"Rain, Partially cloudy",Partly cloudy throughout the day with a chance of rain throughout the day.,rain,"48820099999,48823099999,48825099999,48831099999,VVNB"
vietnam,2021-02-10,23.7,14,17.9,23.7,14,17.9,12.9,75,0.005,100,4.17,rain,,,,13,288.7,1015.8,38.4,6.6,238.4,20.6,8,,2021-02-10T06:29:43,2021-02-10T17:52:12,0.94,"Rain, Partially cloudy",Clearing in the afternoon with early morning rain.,rain,"48820099999,48823099999,48825099999,48831099999,VVNB"
vietnam,2021-02-11,24,14.8,19.5,24,14.8,19.5,13.2,69.8,0,0,0,,,,,14.8,80.3,1016.6,23.8,7.6,211.5,18.5,7,,2021-02-11T06:29:11,2021-02-11T17:52:44,0.98,Partially cloudy,Partly cloudy throughout the day.,partly-cloudy-day,"48820099999,48823099999,48825099999,48831099999,VVNB"
vietnam,2021-02-12,22,17,19.3,22,17,19.3,14.5,74.4,0,0,0,,,,,16.6,112.9,,41.5,7.4,172.6,15,6,,2021-02-12T06:28:38,2021-02-12T17:53:16,0,Partially cloudy,Partly cloudy throughout the day.,partly-cloudy-day,VVNB
vietnam,2021-02-13,23,15,19.5,23,15,19.5,13.2,68.8,0,0,0,,,,,16.6,113.8,1016,33.7,8.5,223,19.4,8,,2021-02-13T06:28:05,2021-02-13T17:53:47,0.05,Partially cloudy,Partly cloudy throughout the day.,partly-cloudy-day,"48820099999,48823099999,48825099999,48831099999,VVNB"
vietnam,2021-02-14,26,19,21.9,26,19,21.9,13.3,60.2,0,0,0,,,,,13,149,1016.2,23.2,10,202.8,17.6,7,,2021-02-14T06:27:30,2021-02-14T17:54:18,0.08,Partially cloudy,Partly cloudy throughout the day.,partly-cloudy-day,"48820099999,48823099999,48825099999,48831099999,VVNB"
vietnam,2021-02-15,22.4,17,20.1,22.4,17,20.1,16.9,81.9,0,0,0,,,,,13,96.9,1013.7,64.6,6.5,210.8,18.3,8,,2021-02-15T06:26:55,2021-02-15T17:54:49,0.11,Partially cloudy,Partly cloudy throughout the day.,partly-cloudy-day,"48820099999,48823099999,48825099999,48831099999,VVNB"
vietnam,2021-02-16,22.3,19,20.3,22.3,19,20.3,17.3,82.8,0.488,100,8.33,rain,,,,11.2,74.8,1014.8,82.8,6.7,191.9,16.5,7,,2021-02-16T06:26:18,2021-02-16T17:55:18,0.14,"Rain, Partially cloudy",Partly cloudy throughout the day with rain in the morning and afternoon.,rain,"48820099999,48823099999,48825099999,48831099999,VVNB"
vietnam,2021-02-17,21.4,19,20,21.4,19,20,14.2,69.8,0,0,0,,,,33.5,20.5,347.5,1020.1,80.7,9.2,141.6,12.2,6,,2021-02-17T06:25:40,2021-02-17T17:55:48,0.17,Partially cloudy,Partly cloudy throughout the day.,partly-cloudy-day,"48820099999,48823099999,48825099999,48831099999,VVNB"
vietnam,2021-02-18,23,18,20.2,23,18,20.2,13.6,66.5,0,0,0,,,,,11.2,293.3,1023.3,58.8,9.2,186.8,16.1,8,,2021-02-18T06:25:02,2021-02-18T17:56:17,0.21,Partially cloudy,Partly cloudy throughout the day.,partly-cloudy-day,"48820099999,48823099999,48825099999,48831099999,VVNB"
vietnam,2021-02-19,23.1,18,20.4,23.1,18,20.4,15.2,73.2,0,0,0,,,,,13,122.7,1023.1,54,6.5,186.9,16.3,8,,2021-02-19T06:24:22,2021-02-19T17:56:45,0.24,Partially cloudy,Partly cloudy throughout the day.,partly-cloudy-day,"48820099999,48823099999,48825099999,48831099999,VVNB"
vietnam,2021-02-20,25,16,20.6,25,16,20.6,12.5,62.8,0,0,0,,,,,14.8,130.5,1018,77.2,6.2,232.2,20.1,8,,2021-02-20T06:23:42,2021-02-20T17:57:13,0.25,Partially cloudy,Partly cloudy throughout the day.,partly-cloudy-day,"48823099999,48825099999,VVNB"
vietnam,2021-02-21,27,14.2,21.2,26.9,14.2,21.2,14.1,66.9,0,0,0,,,,,22.3,121.4,1016.2,55.2,8.1,251.5,21.7,9,,2021-02-21T06:23:01,2021-02-21T17:57:41,0.3,Partially cloudy,Partly cloudy throughout the day.,partly-cloudy-day,"48823099999,48825099999,48831099999,remote,VVNB"
vietnam,2021-02-22,25.1,20,22,25.1,20,22,16.9,73.4,0,0,0,,,,,20.5,129.1,1014.6,86.7,7.5,233.8,20.2,8,,2021-02-22T06:22:19,2021-02-22T17:58:08,0.33,Partially cloudy,Partly cloudy throughout the day.,partly-cloudy-day,"48820099999,48823099999,48825099999,48831099999,VVNB"
vietnam,2021-02-23,25.4,20,22.4,25.4,20,22.4,17.1,72.9,0,0,0,,,,,13,118.3,1014.1,89.4,7.1,214.8,18.5,8,,2021-02-23T06:21:36,2021-02-23T17:58:34,0.37,Partially cloudy,Partly cloudy throughout the day.,partly-cloudy-day,"48820099999,48823099999,48825099999,48831099999,VVNB"
vietnam,2021-02-24,25.4,20.8,22.6,25.4,20.8,22.6,17.7,74.9,0,0,0,,,,,22.3,136.8,1010.5,82.8,8.7,221.9,19.2,8,,2021-02-24T06:20:53,2021-02-24T17:59:00,0.4,Partially cloudy,Partly cloudy throughout the day.,partly-cloudy-day,"48820099999,48823099999,48825099999,48831099999,VVNB"
vietnam,2021-02-25,26,18.1,22.9,26,18.1,22.9,19.1,79.8,0.098,100,4.17,rain,,,,18.4,126.3,1006.8,91.3,8.3,243.1,20.9,9,,2021-02-25T06:20:09,2021-02-25T17:59:26,0.43,"Rain, Overcast",Cloudy skies throughout the day with afternoon rain.,rain,"48820099999,48823099999,48825099999,48831099999,VVNB,remote"
vietnam,2021-02-26,27,21.8,23.8,28,21.8,23.9,19.3,77.2,0.098,100,4.17,rain,,,,16.6,120.3,1006.9,74.6,7.8,247.8,21.3,9,,2021-02-26T06:19:24,2021-02-26T17:59:51,0.46,"Rain, Partially cloudy",Partly cloudy throughout the day with early morning rain.,rain,"48820099999,48823099999,48825099999,48831099999,VVNB"
vietnam,2021-02-27,23.1,16,18.9,23.1,16,18.9,15.7,81.8,5.858,100,8.33,rain,,,,20.5,68.3,1011.3,87,8.7,171.6,14.9,7,,2021-02-27T06:18:38,2021-02-27T18:00:16,0.5,"Rain, Partially cloudy",Partly cloudy throughout the day with rain in the morning and afternoon.,rain,"48820099999,48823099999,48825099999,48831099999,VVNB,remote"
vietnam,2021-02-28,18.7,16,17.3,18.7,16,17.3,16.3,94.2,1.364,100,8.33,rain,,,,13,67.2,1012.1,93.4,3.3,109.5,9.4,4,,2021-02-28T06:17:52,2021-02-28T18:00:40,0.53,"Rain, Overcast",Cloudy skies throughout the day with rain.,rain,"48820099999,48823099999,48825099999,48831099999,VVNB"
vietnam,2021-03-01,23,18,20.6,23,18,20.6,19.7,95.1,0.707,100,8.33,rain,,,,13,317.8,1014,94.5,3.3,234.5,20.3,8,,2021-03-01T06:17:05,2021-03-01T18:01:04,0.57,"Rain, Overcast",Cloudy skies throughout the day with rain.,rain,"48820099999,48823099999,48825099999,48831099999,VVNB"
vietnam,2021-03-02,21,18.7,19.9,21,18.7,19.9,12.3,62.6,0.987,100,12.5,rain,,,,24.1,42.9,1018.4,86.6,9.8,221.1,19,9,,2021-03-02T06:16:17,2021-03-02T18:01:28,0.6,"Rain, Partially cloudy",Partly cloudy throughout the day with a chance of rain throughout the day.,rain,"48820099999,48823099999,48825099999,48831099999,VVNB"
vietnam,2021-03-03,19,16.8,18.1,19,16.8,18.1,14.3,79.1,0.002,100,4.17,rain,,,,14.8,59.8,1018.4,92,7,140,12.1,5,,2021-03-03T06:15:29,2021-03-03T18:01:51,0.64,"Rain, Overcast",Cloudy skies throughout the day with afternoon rain.,rain,"48820099999,48823099999,48825099999,48831099999,VVNB"
vietnam,2021-03-04,18.8,16,17.1,18.8,16,17.1,15.4,89.9,4,100,8.33,rain,,,,11.2,48.7,1016.2,91.3,5.8,136.5,11.7,5,,2021-03-04T06:14:40,2021-03-04T18:02:14,0.67,"Rain, Overcast",Cloudy skies throughout the day with rain clearing later.,rain,"48820099999,48823099999,48825099999,48831099999,VVNB,remote"
vietnam,2021-03-05,20.7,17,19.2,20.7,17,19.2,18.2,93.8,0.686,100,4.17,rain,,,,11.2,73.8,1012.9,95.7,2.5,232,20.1,8,,2021-03-05T06:13:51,2021-03-05T18:02:36,0.71,"Rain, Overcast",Cloudy skies throughout the day with early morning rain.,rain,"48820099999,48823099999,48825099999,48831099999,VVNB"
vietnam,2021-03-06,27.1,19.9,23,28.7,19.9,23.2,20.2,85.8,0.395,100,8.33,rain,,,,18.4,56,1013.7,77.9,5.5,252.5,21.8,9,,2021-03-06T06:13:01,2021-03-06T18:02:58,0.75,"Rain, Partially cloudy",Partly cloudy throughout the day with rain.,rain,"48820099999,48823099999,48825099999,48831099999,VVNB"
vietnam,2021-03-07,25,22,22.9,25,22,22.9,17.6,73.4,0.243,100,4.17,rain,,,,18.4,93.2,1016.5,76.7,8.7,155.7,13.6,6,,2021-03-07T06:12:11,2021-03-07T18:03:20,0.78,"Rain, Partially cloudy",Partly cloudy throughout the day with morning rain.,rain,"48820099999,48823099999,48825099999,48831099999,VVNB"
vietnam,2021-03-08,24,19.9,21.6,24,19.9,21.6,20.5,93.4,0.007,100,4.17,rain,,,,18.4,130.3,1016.2,93.7,4.9,199,17.1,8,,2021-03-08T06:11:20,2021-03-08T18:03:42,0.81,"Rain, Overcast",Cloudy skies throughout the day with afternoon rain.,rain,"48820099999,48823099999,48825099999,48831099999,VVNB"
vietnam,2021-03-09,26,21.8,23.4,26,21.8,23.4,21.8,90.9,0,0,0,,,,,20.5,130.4,1015.7,91.8,7.1,201.7,17.3,7,,2021-03-09T06:10:29,2021-03-09T18:04:03,0.85,Overcast,Cloudy skies throughout the day.,cloudy,"48820099999,48823099999,48825099999,48831099999,VVNB"
vietnam,2021-03-10,27.1,22,24,29.1,22,24.3,20.8,83.4,0.005,100,4.17,rain,,,,25.9,126.3,1015.3,83,7.7,239.6,20.7,8,,2021-03-10T06:09:37,2021-03-10T18:04:24,0.89,"Rain, Partially cloudy",Partly cloudy throughout the day with morning rain.,rain,"48820099999,48823099999,48825099999,48831099999,VVNB"
vietnam,2021-03-11,26.1,22,23.8,26.1,22,23.8,20.8,83.7,0.781,100,4.17,rain,,,,18.4,125,1016.7,76.1,8.2,222,19.3,8,,2021-03-11T06:08:45,2021-03-11T18:04:44,0.92,"Rain, Partially cloudy",Partly cloudy throughout the day with afternoon rain.,rain,"48820099999,48823099999,48825099999,48831099999,VVNB"
vietnam,2021-03-12,28,21.9,24.3,28.9,21.9,24.5,20.2,79.5,0,0,0,,,,,18.4,141.7,1017,58.1,7.5,227.8,19.6,8,,2021-03-12T06:07:53,2021-03-12T18:05:05,0.96,Partially cloudy,Partly cloudy throughout the day.,partly-cloudy-day,"48820099999,48823099999,48825099999,48831099999,VVNB"
vietnam,2021-03-13,25,21.8,23.2,25,21.8,23.2,20.7,86.2,0.002,100,4.17,rain,,,,13,121.8,1016.7,58.3,6.7,223.1,19.2,8,,2021-03-13T06:07:01,2021-03-13T18:05:25,0,"Rain, Partially cloudy",Partly cloudy throughout the day with afternoon rain.,rain,"48820099999,48823099999,48825099999,48831099999,VVNB"
vietnam,2021-03-14,27,19,23.3,27.9,19,23.4,19.2,79.3,0,0,0,,,,,18.4,132.1,1014,30.7,7.1,209,18,8,,2021-03-14T06:06:08,2021-03-14T18:05:45,0.03,Partially cloudy,Partly cloudy throughout the day.,partly-cloudy-day,"48820099999,48823099999,48825099999,48831099999,VVNB"
vietnam,2021-03-15,26,21,23.7,26,21,23.7,19.8,79.9,0,0,0,,,,,18.4,133.8,1011.2,75.4,7.8,213.9,18.6,8,,2021-03-15T06:05:14,2021-03-15T18:06:04,0.06,Partially cloudy,Partly cloudy throughout the day.,partly-cloudy-day,"48820099999,48823099999,48825099999,48831099999,VVNB"
vietnam,2021-03-16,24,22,23.4,24,22,23.4,22,92.4,1.964,100,8.33,rain,,,,18.4,129.8,1010.9,90.5,6,223,19.4,8,,2021-03-16T06:04:21,2021-03-16T18:06:24,0.09,"Rain, Overcast",Cloudy skies throughout the day with rain in the morning and afternoon.,rain,"48820099999,48823099999,48825099999,48831099999,VVNB"
vietnam,2021-03-17,26,23,24.3,26,23,24.3,22.1,87.4,0,0,0,,,,,18.4,129.7,1010.7,88.7,7.2,221.1,19.2,8,,2021-03-17T06:03:27,2021-03-17T18:06:43,0.12,Partially cloudy,Partly cloudy throughout the day.,partly-cloudy-day,"48820099999,48823099999,48825099999,48831099999,VVNB"
vietnam,2021-03-18,26.2,23,24.3,26.2,23,24.3,22.4,89.4,0.391,100,8.33,rain,,,,18.4,128.8,1010.3,89.7,6.6,143.8,12.3,5,,2021-03-18T06:02:34,2021-03-18T18:07:02,0.16,"Rain, Partially cloudy",Partly cloudy throughout the day with rain in the morning and afternoon.,rain,"48820099999,48823099999,48825099999,48831099999,VVNB"
vietnam,2021-03-19,27,23,24.7,29.6,23,25.1,22.4,87.4,0.196,100,8.33,rain,,,,20.5,133.7,1009,92.8,7.5,241.8,21,9,,2021-03-19T06:01:40,2021-03-19T18:07:21,0.19,"Rain, Overcast",Cloudy skies throughout the day with rain.,rain,"48820099999,48823099999,48825099999,48831099999,VVNB"
vietnam,2021-03-20,26,23,24.2,26,23,24.2,23.3,94.6,0.595,100,8.33,rain,,,,14.8,129.6,1008.5,92.2,5.8,179,15.4,6,,2021-03-20T06:00:45,2021-03-20T18:07:40,0.22,"Rain, Overcast",Cloudy skies throughout the day with rain in the morning and afternoon.,rain,"48820099999,48823099999,48825099999,48831099999,VVNB"
vietnam,2021-03-21,24,18,20.9,24,18,20.9,16.5,77.4,13.784,100,8.33,rain,,,,33.5,44.1,1015.2,96.5,7.9,107.1,9.3,4,,2021-03-21T05:59:51,2021-03-21T18:07:59,0.25,"Rain, Overcast",Cloudy skies throughout the day with rain.,rain,"48820099999,48823099999,48825099999,48831099999,VVNB"
vietnam,2021-03-22,20.1,17,18.3,20.1,17,18.3,6.4,46,0.3,100,12.5,rain,,,,18.4,8.7,1023.9,67.1,10.1,228,19.7,9,,2021-03-22T05:58:57,2021-03-22T18:08:17,0.29,"Rain, Partially cloudy",Partly cloudy throughout the day with early morning rain.,rain,"48820099999,48823099999,48825099999,48831099999,VVNB"
vietnam,2021-03-23,22.5,17,19.2,22.5,17,19.2,7.8,48.9,0,0,0,,,,,11.5,65.2,1020.5,30.7,9.8,238.4,20.6,8,,2021-03-23T05:58:02,2021-03-23T18:08:36,0.32,Partially cloudy,Clearing in the afternoon.,partly-cloudy-day,"48820099999,48823099999,48825099999,48831099999,VVNB"
vietnam,2021-03-24,21.2,18,19.8,21.2,18,19.8,14.2,70.7,0,0,0,,,,,11.2,121.5,1015.9,92.3,6.7,201.5,17.4,7,,2021-03-24T05:57:08,2021-03-24T18:08:54,0.35,Overcast,Cloudy skies throughout the day.,cloudy,"48820099999,48823099999,48825099999,48831099999,VVNB"
vietnam,2021-03-25,22.1,19,20,22.1,19,20,18.8,92.9,0.005,100,4.17,rain,,,,13,88.5,1013.9,98.5,3.1,205.8,17.8,7,,2021-03-25T05:56:13,2021-03-25T18:09:12,0.38,"Rain, Overcast",Cloudy skies throughout the day with afternoon rain.,rain,"48820099999,48823099999,48825099999,48831099999,VVNB"
vietnam,2021-03-26,28.4,20,23,31.3,20,23.2,21.7,92.6,0.99,100,12.5,rain,,,,23.8,132.4,1011.3,94.5,4.8,203.6,17.7,8,,2021-03-26T05:55:19,2021-03-26T18:09:30,0.42,"Rain, Overcast",Cloudy skies throughout the day with a chance of rain throughout the day.,rain,"48820099999,48823099999,48825099999,48831099999,VVNB,remote"
vietnam,2021-03-27,25,22,23.2,25,22,23.2,22.4,95.5,0.304,100,8.33,rain,,,,18.4,130.8,1009.2,94,5,175.5,15.2,6,,2021-03-27T05:54:25,2021-03-27T18:09:49,0.45,"Rain, Overcast",Cloudy skies throughout the day with rain in the morning and afternoon.,rain,"48820099999,48823099999,48825099999,48831099999,VVNB"
vietnam,2021-03-28,24.4,22,23.4,24.4,22,23.4,22.8,96.4,0.615,100,12.5,rain,,,,13,118.6,1008.2,96.4,4.4,165.9,14.2,6,,2021-03-28T05:53:30,2021-03-28T18:10:07,0.48,"Rain, Overcast",Cloudy skies throughout the day with a chance of rain throughout the day.,rain,"48820099999,48823099999,48825099999,48831099999,VVNB"
vietnam,2021-03-29,29,23,25.3,34.5,23,26.4,23.7,91.8,0.1,100,4.17,rain,,,,14.8,113.7,1004.4,91.5,4.9,195,16.9,7,,2021-03-29T05:52:36,2021-03-29T18:10:25,0.5,"Rain, Overcast",Cloudy skies throughout the day with early morning rain.,rain,"48820099999,48823099999,48825099999,48831099999,VVNB"
vietnam,2021-03-30,27.6,24,25.2,31.3,24,25.4,24.1,94,0,0,0,,,,,14.8,98,1002.1,93,4.1,175.6,15.1,6,,2021-03-30T05:51:42,2021-03-30T18:10:43,0.55,Overcast,Cloudy skies throughout the day.,cloudy,"48820099999,48823099999,48825099999,48831099999,VVNB"
vietnam,2021-03-31,29.7,23.9,25.9,35.5,23.9,27.4,24.4,91.7,0,0,0,,,,,18.4,101.4,1001.8,93,5.9,229.2,19.7,8,,2021-03-31T05:50:48,2021-03-31T18:11:01,0.58,Overcast,Cloudy skies throughout the day.,cloudy,"48820099999,48823099999,48825099999,48831099999,VVNB,remote"
vietnam,2021-04-01,29,24,26.2,34.5,24,27.7,24.4,90,0,0,0,,,,,16.6,112.6,1003.4,89.7,6.5,223.2,19.5,8,,2021-04-01T05:49:54,2021-04-01T18:11:19,0.62,Partially cloudy,Partly cloudy throughout the day.,partly-cloudy-day,"48820099999,48823099999,48825099999,48831099999,VVNB"
vietnam,2021-04-02,27,24.9,25.4,31.2,24.9,25.9,24.7,95.5,0.112,100,8.33,rain,,,,14.8,115.7,1006.5,94.7,5.1,228.7,19.7,8,,2021-04-02T05:49:00,2021-04-02T18:11:38,0.65,"Rain, Overcast",Cloudy skies throughout the day with rain in the morning and afternoon.,rain,"48820099999,48823099999,48825099999,48831099999,VVNB"
vietnam,2021-04-03,27,25,25.3,30.6,25,25.6,24.3,94.6,0.49,100,8.33,rain,,,,16.6,112.1,1009.6,93.4,6.3,142.5,12.2,5,,2021-04-03T05:48:07,2021-04-03T18:11:56,0.69,"Rain, Overcast",Cloudy skies throughout the day with rain.,rain,"48820099999,48823099999,48825099999,48831099999,VVNB"
vietnam,2021-04-04,29.4,22,25.5,33.6,22,26.8,23.5,89.1,5.6,100,54.17,rain,,,,16.6,100.1,1012.1,81.2,6,168.3,14.6,6,,2021-04-04T05:47:14,2021-04-04T18:12:14,0.75,"Rain, Partially cloudy",Partly cloudy throughout the day with a chance of rain throughout the day.,rain,"48820099999,48823099999,48825099999,48831099999,VVNB"
vietnam,2021-04-05,24.9,21,22.7,24.9,21,22.7,21,90.2,6.93,100,8.33,rain,,,,14.8,64.9,1015.2,81.9,8.2,199.7,17.3,7,,2021-04-05T05:46:21,2021-04-05T18:12:33,0.76,"Rain, Partially cloudy",Partly cloudy throughout the day with rain.,rain,"48820099999,48823099999,48825099999,48831099999,VVNB"
vietnam,2021-04-06,30,22,25,32.6,22,25.8,21.6,82.8,0.195,100,4.17,rain,,,,22.3,99.5,1014.8,72.1,7.5,260.6,22.4,9,,2021-04-06T05:45:28,2021-04-06T18:12:51,0.79,"Rain, Partially cloudy",Partly cloudy throughout the day with morning rain.,rain,"48820099999,48823099999,48825099999,48831099999,VVNB"
vietnam,2021-04-07,30,23.9,25.8,32.2,23.9,26.4,22.3,82.3,0.9,100,12.5,rain,,,,18.4,128.5,1012.9,56.9,8.2,239.4,20.6,8,,2021-04-07T05:44:36,2021-04-07T18:13:10,0.83,"Rain, Partially cloudy",Partly cloudy throughout the day with late afternoon rain.,rain,"48820099999,48823099999,48825099999,48831099999,VVNB"
vietnam,2021-04-08,30,24,26.2,33,24,27.6,23,83.6,1.087,100,4.17,rain,,,,20.5,121.1,1011,71,8.1,234.2,20.2,9,,2021-04-08T05:43:44,2021-04-08T18:13:28,0.86,"Rain, Partially cloudy",Partly cloudy throughout the day with afternoon rain.,rain,"48820099999,48823099999,48825099999,48831099999,VVNB"
vietnam,2021-04-09,24,19,20.7,24,19,20.7,18.5,87,10.052,100,8.33,rain,,,,22.3,39.2,1014.5,98,9,182.9,15.6,6,,2021-04-09T05:42:52,2021-04-09T18:13:47,0.9,"Rain, Overcast",Cloudy skies throughout the day with rain in the morning and afternoon.,rain,"48820099999,48823099999,48825099999,48831099999,VVNB"
vietnam,2021-04-10,20.8,18,19.5,20.8,18,19.5,18.7,95.3,1.513,100,12.5,rain,,,,13,43.8,1016.2,95.1,4.5,242,21,9,,2021-04-10T05:42:01,2021-04-10T18:14:06,0.93,"Rain, Overcast",Cloudy skies throughout the day with a chance of rain throughout the day.,rain,"48820099999,48823099999,48825099999,48831099999,VVNB"
vietnam,2021-04-11,29,20,24.2,32.1,20,25.1,22.1,88.5,0.788,100,8.33,rain,,,,20.5,123.2,1015.2,82.1,6.1,253,21.8,9,,2021-04-11T05:41:10,2021-04-11T18:14:25,0.97,"Rain, Partially cloudy",Partly cloudy throughout the day with rain.,rain,"48820099999,48823099999,48825099999,48831099999,VVNB,remote"
vietnam,2021-04-12,30,23,26.4,32.8,23,27.8,22.6,80.7,2.1,100,54.17,rain,,,,20.5,133,1013.1,85.3,8.4,192.4,16.5,7,,2021-04-12T05:40:20,2021-04-12T18:14:45,0,"Rain, Partially cloudy",Partly cloudy throughout the day with a chance of rain throughout the day.,rain,"48820099999,48823099999,48825099999,48831099999,VVNB"
vietnam,2021-04-13,27.5,24,25.8,30.6,24,26.6,23.7,88.9,1.8,100,33.33,rain,,,,18.4,124.9,1011.8,92.2,9,193.7,16.6,6,,2021-04-13T05:39:30,2021-04-13T18:15:04,0.04,"Rain, Overcast",Cloudy skies throughout the day with rain.,rain,"48820099999,48823099999,48825099999,48831099999,VVNB"
vietnam,2021-04-14,30,24.6,26.8,34.7,24.6,28.4,23.6,83.7,0,0,0,,,,,20.5,114.5,1009.9,83.6,8.9,202.6,17.5,7,,2021-04-14T05:38:41,2021-04-14T18:15:24,0.07,Partially cloudy,Partly cloudy throughout the day.,partly-cloudy-day,"48820099999,48823099999,48825099999,48831099999,VVNB"
vietnam,2021-04-15,27.4,24.9,25.9,31.3,24.9,27.1,24.5,92,3.611,100,8.33,rain,,,,18.4,118.9,1009,91,8.7,158.4,13.8,6,,2021-04-15T05:37:52,2021-04-15T18:15:43,0.1,"Rain, Overcast",Cloudy skies throughout the day with rain in the morning and afternoon.,rain,"48820099999,48823099999,48825099999,48831099999,VVNB"
vietnam,2021-04-16,30,25,27.1,33.7,25,28.9,23.7,83,0.7,100,12.5,rain,,,,20.5,125.5,1010.4,80.5,8.7,148.3,12.9,5,,2021-04-16T05:37:03,2021-04-16T18:16:03,0.14,"Rain, Partially cloudy",Partly cloudy throughout the day with late afternoon rain.,rain,"48820099999,48823099999,48825099999,48831099999,VVNB"
vietnam,2021-04-17,25.6,22,23,25.6,22,23,21.7,92.6,123.244,100,12.5,rain,,,,18.4,44.5,1014.3,88.1,8.5,103.9,9,4,,2021-04-17T05:36:15,2021-04-17T18:16:23,0.17,"Rain, Partially cloudy",Partly cloudy throughout the day with rain.,rain,"48820099999,48823099999,48825099999,48831099999,VVNB"
vietnam,2021-04-18,24.8,20.6,22.4,24.8,20.6,22.4,20.3,88.1,0.883,100,4.17,rain,,,,11.2,58.5,1012.8,93.1,8.7,202.8,17.4,7,,2021-04-18T05:35:28,2021-04-18T18:16:44,0.2,"Rain, Overcast",Cloudy skies throughout the day with early morning rain.,rain,"48820099999,48823099999,48825099999,48831099999,VVNB"
vietnam,2021-04-19,31,22,26.1,35.5,22,27.6,23,84.3,0.195,100,4.17,rain,,,,16.6,120.5,1008.1,75.8,7.6,280.6,24.4,9,,2021-04-19T05:34:41,2021-04-19T18:17:04,0.24,"Rain, Partially cloudy",Partly cloudy throughout the day with morning rain.,rain,"48820099999,48823099999,48825099999,48831099999,VVNB"
vietnam,2021-04-20,32,25,28.2,37.7,25,31.2,24.3,80.8,0,0,0,,,,,24.1,130.7,1007.4,68,9.6,299.7,25.8,10,,2021-04-20T05:33:55,2021-04-20T18:17:25,0.25,Partially cloudy,Partly cloudy throughout the day.,partly-cloudy-day,"48820099999,48823099999,48825099999,48831099999,VVNB"
vietnam,2021-04-21,32.4,26,28.7,39,26,32.9,24.6,79.7,0.1,100,4.17,rain,,,,24.1,132.2,1008.2,73.6,10.1,294.3,25.3,10,,2021-04-21T05:33:10,2021-04-21T18:17:46,0.3,"Rain, Partially cloudy",Partly cloudy throughout the day with morning rain.,rain,"48820099999,48823099999,48825099999,48831099999,VVNB"
vietnam,2021-04-22,32,26.7,28.4,37.9,29.6,32.9,24.8,81.7,0,0,0,,,,,22.3,129.1,1007.7,75.8,10,254,21.9,9,,2021-04-22T05:32:25,2021-04-22T18:18:07,0.34,Partially cloudy,Partly cloudy throughout the day.,partly-cloudy-day,"48820099999,48823099999,48825099999,48831099999,VVNB"
vietnam,2021-04-23,31,26,27.8,39.1,26,31.9,25.6,87.9,0.205,100,4.17,rain,,,,22.3,125.1,1005.7,89.7,9.8,248.1,21.6,9,,2021-04-23T05:31:41,2021-04-23T18:18:28,0.37,"Rain, Partially cloudy",Partly cloudy throughout the day with morning rain.,rain,"48820099999,48823099999,48825099999,48831099999,VVNB"
vietnam,2021-04-24,30.7,26,28.2,38.8,26,33.8,26.1,88.7,0.3,100,12.5,rain,,,,20.5,120.7,1005.6,90.3,9.1,204.8,17.7,8,,2021-04-24T05:30:57,2021-04-24T18:18:50,0.4,"Rain, Overcast",Cloudy skies throughout the day with late afternoon rain.,rain,"48820099999,48823099999,48825099999,48831099999,VVNB"
vietnam,2021-04-25,29,25,26.9,36.8,25,30.2,26.1,95.4,1.535,100,12.5,rain,,,,16.6,102.3,1008.2,94.5,6.9,94.7,8.1,4,,2021-04-25T05:30:14,2021-04-25T18:19:12,0.44,"Rain, Overcast",Cloudy skies throughout the day with a chance of rain throughout the day.,rain,"48820099999,48823099999,48825099999,48831099999,VVNB"
vietnam,2021-04-26,26.4,21,23.8,26.4,21,23.8,22.7,93.8,41.664,100,16.67,rain,,,48.2,14.8,77,1010.3,82,8.2,84.8,7.2,3,,2021-04-26T05:29:32,2021-04-26T18:19:34,0.47,"Rain, Partially cloudy",Partly cloudy throughout the day with a chance of rain throughout the day.,rain,"48820099999,48823099999,48825099999,48831099999,VVNB"
vietnam,2021-04-27,27.2,21,24.2,29.4,21,24.5,20.9,82,0.6,100,4.17,rain,,,,11.2,53.2,1013.1,92.5,10,148.8,12.9,5,,2021-04-27T05:28:51,2021-04-27T18:19:56,0.5,"Rain, Overcast",Cloudy skies throughout the day with early morning rain.,rain,"48820099999,48823099999,48825099999,48831099999,VVNB"
vietnam,2021-04-28,25.8,21.7,23.1,25.8,21.7,23.1,20.5,85.6,5.856,100,8.33,rain,,,37.1,20.5,26.8,1015,93.5,9.6,205.6,17.8,7,,2021-04-28T05:28:11,2021-04-28T18:20:18,0.54,"Rain, Overcast",Cloudy skies throughout the day with rain clearing later.,rain,"48820099999,48823099999,48825099999,48831099999,VVNB,remote"
vietnam,2021-04-29,28.6,20,24.1,28.9,20,24.2,17.7,69.8,0.626,100,8.33,rain,,,,14.8,3,1015.4,73.1,10.1,161.1,13.9,6,,2021-04-29T05:27:31,2021-04-29T18:20:41,0.57,"Rain, Partially cloudy",Partly cloudy throughout the day with rain clearing later.,rain,"48820099999,48823099999,48825099999,48831099999,VVNB"
vietnam,2021-04-30,30,21,25.3,31.7,21,25.8,20.2,75.5,1.5,100,20.83,rain,,,,20.5,112.2,1011.8,35.8,8.3,256.3,22,9,,2021-04-30T05:26:52,2021-04-30T18:21:04,0.6,"Rain, Partially cloudy",Partly cloudy throughout the day with rain.,rain,"48820099999,48823099999,48825099999,48831099999,VVNB"
vietnam,2021-05-01,29,23,25.5,32,23,26.5,22.6,84.2,0.146,100,8.33,rain,,,,14.8,117.6,1011.5,67.5,8.6,172.8,14.8,6,,2021-05-01T05:26:14,2021-05-01T18:21:27,0.64,"Rain, Partially cloudy",Partly cloudy throughout the day with rain.,rain,"48820099999,48823099999,48825099999,48831099999,VVNB"
vietnam,2021-05-02,32,24,27.5,37.5,24,30,24.3,84.1,3.962,100,12.5,rain,,,,20.5,124.2,1009.7,68.3,7.7,156.4,13.5,6,,2021-05-02T05:25:37,2021-05-02T18:21:50,0.67,"Rain, Partially cloudy",Partly cloudy throughout the day with a chance of rain throughout the day.,rain,"48820099999,48823099999,48825099999,48831099999,VVNB,remote"
vietnam,2021-05-03,33.2,23.8,29,39.6,23.8,33.8,24.9,79.8,1.5,100,62.5,rain,,,,24.1,140.5,1007.2,73.4,9.9,221.5,19.1,8,,2021-05-03T05:25:01,2021-05-03T18:22:14,0.71,"Rain, Partially cloudy",Partly cloudy throughout the day with a chance of rain throughout the day.,rain,"48820099999,48823099999,48825099999,48831099999,VVNB,remote"
vietnam,2021-05-04,34,24.3,29.2,39.4,24.3,32.9,24.2,76.6,5.6,100,41.67,rain,,,,24.1,118.1,1007.4,58.3,10.1,237.2,20.5,7,,2021-05-04T05:24:25,2021-05-04T18:22:38,0.75,"Rain, Partially cloudy",Partly cloudy throughout the day with a chance of rain throughout the day.,rain,"48820099999,48823099999,48825099999,48831099999,VVNB,remote"
vietnam,2021-05-05,27.4,22.5,24.7,32,22.5,25.8,23.3,91.9,43.155,100,8.33,rain,,,,22.3,78.7,1011.4,81.3,9.2,110.3,9.4,4,,2021-05-05T05:23:51,2021-05-05T18:23:02,0.78,"Rain, Partially cloudy",Partly cloudy throughout the day with rain.,rain,"48820099999,48823099999,48825099999,48831099999,VVNB"
vietnam,2021-05-06,32.1,22.9,26.8,36.3,22.9,28.4,22.4,79.1,0.295,100,4.17,rain,,,,16.6,142.2,1012.7,49.3,9,198.4,17.1,7,,2021-05-06T05:23:17,2021-05-06T18:23:26,0.81,"Rain, Partially cloudy",Partly cloudy throughout the day with early morning rain.,rain,"48820099999,48823099999,48825099999,48831099999,VVNB"
vietnam,2021-05-07,32,25,28,36.8,25,30.7,24,80.6,0.2,100,8.33,rain,,,,16.6,131.5,1011.5,56.1,8.2,236,20.3,8,,2021-05-07T05:22:45,2021-05-07T18:23:50,0.84,"Rain, Partially cloudy",Partly cloudy throughout the day with rain.,rain,"48820099999,48823099999,48825099999,48831099999,VVNB"
vietnam,2021-05-08,31,25,27.9,39.1,25,31.7,25.2,85.8,0.1,100,4.17,rain,,,,16.6,115.9,1008.6,68.5,8.6,175.5,15,6,,2021-05-08T05:22:13,2021-05-08T18:24:15,0.88,"Rain, Partially cloudy",Partly cloudy throughout the day with late afternoon rain.,rain,"48820099999,48823099999,48825099999,48831099999,VVNB"
vietnam,2021-05-09,33,26,29,42.3,26,33.8,25.5,82.6,0.3,100,12.5,rain,,,,20.5,118.1,1006.5,68.7,9.8,197.5,16.9,7,,2021-05-09T05:21:42,2021-05-09T18:24:39,0.91,"Rain, Partially cloudy",Partly cloudy throughout the day with afternoon rain.,rain,"48820099999,48823099999,48825099999,48831099999,VVNB"
vietnam,2021-05-10,35,26,30.1,43.4,26,36.2,25.6,78.5,0.3,100,12.5,rain,,,,25.9,123.2,1004.8,48.4,10.2,311.3,26.8,10,,2021-05-10T05:21:13,2021-05-10T18:25:04,0.95,"Rain, Partially cloudy",Clearing in the afternoon with late afternoon rain.,rain,"48820099999,48823099999,48825099999,48831099999,VVNB"
vietnam,2021-05-11,36,25.1,29.4,43.3,25.1,34.3,25,79.3,24.399,100,4.17,rain,,,,27.7,116.1,1004.2,52.8,9,277,23.9,9,,2021-05-11T05:20:44,2021-05-11T18:25:29,0.98,"Rain, Partially cloudy",Partly cloudy throughout the day with late afternoon rain.,rain,"48820099999,48823099999,48825099999,48831099999,VVNB"
vietnam,2021-05-12,34.1,25,29.3,43.8,25,35.3,25.7,81.9,2.842,100,4.17,rain,,,,20.5,109.7,1003.9,49,9.5,240.3,20.7,8,,2021-05-12T05:20:16,2021-05-12T18:25:54,0,"Rain, Partially cloudy",Partly cloudy throughout the day with early morning rain.,rain,"48820099999,48823099999,48825099999,48831099999,VVNB"
vietnam,2021-05-13,32.3,24,27.4,42.4,24,31.1,25.3,88.7,6.734,100,8.33,rain,,,,23.2,93.9,1005,81.6,9.4,235.1,20.2,8,,2021-05-13T05:19:49,2021-05-13T18:26:19,0.05,"Rain, Partially cloudy",Partly cloudy throughout the day with rain.,rain,"48820099999,48823099999,48825099999,48831099999,VVNB"
vietnam,2021-05-14,34,25,29.2,41.6,25,33.9,24.9,79.1,0.17,100,4.17,rain,,,,24.1,132.1,1004.7,41.4,9.3,206,17.6,8,,2021-05-14T05:19:23,2021-05-14T18:26:45,0.08,"Rain, Partially cloudy",Partly cloudy throughout the day with early morning rain.,rain,"48820099999,48823099999,48825099999,48831099999,VVNB"
vietnam,2021-05-15,34,27.8,30,42,33.1,37.4,26.2,81.1,0.098,100,4.17,rain,,,,24.1,131.9,1005,65.6,10.3,244.5,21.1,8,,2021-05-15T05:18:59,2021-05-15T18:27:10,0.12,"Rain, Partially cloudy",Partly cloudy throughout the day with late afternoon rain.,rain,"48820099999,48823099999,48825099999,48831099999,VVNB"
vietnam,2021-05-16,35,26.6,30.3,43.3,26.6,37.2,26,78.9,0.195,100,4.17,rain,,,,22.3,120.9,1005.2,74.9,10,159,13.6,6,,2021-05-16T05:18:35,2021-05-16T18:27:36,0.15,"Rain, Partially cloudy",Partly cloudy throughout the day with early morning rain.,rain,"48820099999,48823099999,48825099999,48831099999,remote,VVNB"
vietnam,2021-05-17,34,27,29.9,42.5,31.2,37.1,26.2,81.6,1.161,100,4.17,rain,,,,20.5,123.1,1006.4,70.9,9.8,191.3,16.5,6,,2021-05-17T05:18:13,2021-05-17T18:28:01,0.18,"Rain, Partially cloudy",Partly cloudy throughout the day with morning rain.,rain,"48820099999,48823099999,48825099999,48831099999,VVNB"
vietnam,2021-05-18,33.1,28,30.1,41.8,33.6,37.7,26.3,80.6,0.1,100,4.17,rain,,,,24.1,128.2,1005.9,80.3,10.1,117.5,10.2,4,,2021-05-18T05:17:51,2021-05-18T18:28:27,0.22,"Rain, Partially cloudy",Partly cloudy throughout the day with early morning rain.,rain,"48820099999,48823099999,48825099999,48831099999,VVNB"
vietnam,2021-05-19,35.1,27,30.7,45.4,30.6,38.6,26.2,77.9,0,0,0,,,,,24.1,127.2,1003.4,63.5,10.6,132,11.2,4,,2021-05-19T05:17:31,2021-05-19T18:28:52,0.25,Partially cloudy,Partly cloudy throughout the day.,partly-cloudy-day,"48820099999,48823099999,48825099999,48831099999,VVNB"
vietnam,2021-05-20,35.4,27,31,43.8,30.6,38.8,26,76.4,0,0,0,,,,,22.3,108.3,1003.4,50.2,10,104.4,9,3,,2021-05-20T05:17:11,2021-05-20T18:29:18,0.25,Partially cloudy,Partly cloudy throughout the day.,partly-cloudy-day,"48820099999,48823099999,48825099999,48831099999,VVNB"
vietnam,2021-05-21,33.4,28,30.1,45.8,34.3,38.8,27,84.1,0.079,100,8.33,rain,,,,20.5,109.6,1003.2,73.5,9.7,126.9,10.9,4,,2021-05-21T05:16:53,2021-05-21T18:29:44,0.32,"Rain, Partially cloudy",Partly cloudy throughout the day with rain in the morning and afternoon.,rain,"48820099999,48823099999,48825099999,48831099999,VVNB"
vietnam,2021-05-22,36,27.8,31.3,48.3,32.9,40.2,26.6,77.4,0,0,0,,,,,27.7,115.9,1001.5,45.5,11.1,133,11.5,4,,2021-05-22T05:16:36,2021-05-22T18:30:09,0.35,Partially cloudy,Partly cloudy throughout the day.,partly-cloudy-day,"48820099999,48823099999,48825099999,48831099999,VVNB"
vietnam,2021-05-23,35,28.8,30.9,44.9,35.8,39.8,26.8,79.9,0.39,100,4.17,rain,,,,24.1,116.2,1003.8,70.2,10.7,160,13.8,5,,2021-05-23T05:16:19,2021-05-23T18:30:35,0.39,"Rain, Partially cloudy",Partly cloudy throughout the day with early morning rain.,rain,"48820099999,48823099999,48825099999,48831099999,VVNB"
vietnam,2021-05-24,29.4,25,27.4,36.8,25,30,23.6,80.8,8.786,100,4.17,rain,,,,22.3,357.9,1009,87.6,9.7,175,15.2,6,,2021-05-24T05:16:04,2021-05-24T18:31:00,0.42,"Rain, Partially cloudy",Partly cloudy throughout the day with morning rain.,rain,"48820099999,48823099999,48825099999,48831099999,VVNB"
vietnam,2021-05-25,27.7,23,25.7,30.5,23,26.6,22.6,83.5,10.531,100,12.5,rain,,,,16.6,347.2,1009,85.9,8.4,204.7,17.7,7,,2021-05-25T05:15:50,2021-05-25T18:31:26,0.46,"Rain, Partially cloudy",Partly cloudy throughout the day with rain.,rain,"48820099999,48823099999,48825099999,48831099999,VVNB"
vietnam,2021-05-26,34,25,28.9,40.4,25,33.1,25,81.3,2.935,100,4.17,rain,,,,22.3,126.1,1006.8,50.1,9.5,277.7,23.8,9,,2021-05-26T05:15:38,2021-05-26T18:31:51,0.5,"Rain, Partially cloudy",Partly cloudy throughout the day with early morning rain.,rain,"48820099999,48823099999,48825099999,48831099999,VVNB"
vietnam,2021-05-27,33.6,27,29.9,44.1,31.2,36.4,25.7,79.1,2.6,100,66.67,rain,,,,20.5,122.5,1007.6,53,10.7,271.9,23.6,9,,2021-05-27T05:15:26,2021-05-27T18:32:16,0.52,"Rain, Partially cloudy",Partly cloudy throughout the day with a chance of rain throughout the day.,rain,"48820099999,48823099999,48825099999,48831099999,VVNB"
vietnam,2021-05-28,34.4,27,30.3,42,31.2,36.6,25.4,77.2,8.7,100,66.67,rain,,,,18.4,116.2,1007.6,54.2,9.4,139.2,12,5,,2021-05-28T05:15:15,2021-05-28T18:32:41,0.56,"Rain, Partially cloudy",Partly cloudy throughout the day with a chance of rain throughout the day.,rain,"48820099999,48823099999,48825099999,48831099999,VVNB"
vietnam,2021-05-29,36,28,31.2,43.5,34.5,38.8,26,76,1.366,100,4.17,rain,,,,25.9,122.5,1004.9,63.6,9.3,125.6,10.9,4,,2021-05-29T05:15:05,2021-05-29T18:33:06,0.59,"Rain, Partially cloudy",Partly cloudy throughout the day with late afternoon rain.,rain,"48820099999,48823099999,48825099999,48831099999,VVNB"
vietnam,2021-05-30,38.6,28,32.4,44.2,34.5,39.9,25.4,70,0,0,0,,,,,16.6,106.6,1002.2,41.5,10.9,113.7,9.8,4,,2021-05-30T05:14:57,2021-05-30T18:33:30,0.62,Partially cloudy,Partly cloudy throughout the day.,partly-cloudy-day,"48820099999,48823099999,48825099999,48831099999,VVNB"
vietnam,2021-05-31,39,27.9,33.6,45.8,33.2,41,24.8,63.7,0,0,0,,,,,16.6,120.8,1000.4,55.9,11.7,145.2,12.5,5,,2021-05-31T05:14:49,2021-05-31T18:33:55,0.66,Partially cloudy,Partly cloudy throughout the day.,partly-cloudy-day,"48820099999,48823099999,48825099999,48831099999,VVNB,remote"
vietnam,2021-06-01,39.4,29,34.4,45.8,37.7,41.8,24.4,59.6,0.7,100,16.67,rain,,,,20.5,164.4,1000.6,56,10.5,136.2,11.7,5,,2021-06-01T05:14:43,2021-06-01T18:34:19,0.69,"Rain, Partially cloudy",Partly cloudy throughout the day with rain clearing later.,rain,"48820099999,48823099999,48825099999,48831099999,VVNB"
