date,RON 95-III
10/21/2013,99.22
10/22/2013,97.8
10/23/2013,96.86
10/24/2013,97.11
10/25/2013,97.85
10/28/2013,98.68
10/29/2013,98.2
10/30/2013,96.77
10/31/2013,96.38
11/1/2013,94.61
11/4/2013,94.62
11/5/2013,93.37
11/6/2013,94.8
11/7/2013,94.2
11/8/2013,94.6
11/11/2013,95.14
11/12/2013,93.04
11/13/2013,93.88
11/14/2013,93.76
11/15/2013,93.84
11/18/2013,93.03
11/19/2013,93.34
11/20/2013,93.33
11/21/2013,95.44
11/22/2013,94.84
11/25/2013,94.09
11/26/2013,93.68
11/27/2013,92.3
11/28/2013,92.28
11/29/2013,92.72
12/2/2013,93.82
12/3/2013,96.04
12/4/2013,97.2
12/5/2013,97.38
12/6/2013,97.65
12/9/2013,97.34
12/10/2013,98.51
12/11/2013,97.44
12/12/2013,97.5
12/13/2013,96.6
12/16/2013,97.48
12/17/2013,97.22
12/18/2013,97.8
12/19/2013,98.77
12/20/2013,99.32
12/23/2013,98.91
12/24/2013,99.22
12/26/2013,99.55
12/27/2013,100.32
12/30/2013,99.29
12/31/2013,98.42
1/1/2014,98.7
1/2/2014,95.44
1/3/2014,93.96
1/6/2014,93.43
1/7/2014,93.67
1/8/2014,92.33
1/9/2014,91.66
1/10/2014,92.72
1/13/2014,91.8
1/14/2014,92.59
1/15/2014,94.17
1/16/2014,93.96
1/17/2014,94.37
1/20/2014,93.93
1/21/2014,94.99
1/22/2014,96.73
1/23/2014,97.32
1/24/2014,96.64
1/27/2014,95.72
1/28/2014,97.41
1/29/2014,97.36
1/30/2014,98.23
1/31/2014,97.49
2/3/2014,96.43
2/4/2014,97.19
2/5/2014,97.38
2/6/2014,97.84
2/7/2014,99.88
2/10/2014,100.06
2/11/2014,99.94
2/12/2014,100.37
2/13/2014,100.35
2/14/2014,100.3
2/17/2014,100.58
2/18/2014,102.43
2/19/2014,103.31
2/20/2014,102.92
2/21/2014,102.2
2/24/2014,102.82
2/25/2014,101.83
2/26/2014,102.59
2/27/2014,102.4
2/28/2014,102.59
3/3/2014,104.92
3/4/2014,103.33
3/5/2014,101.45
3/6/2014,101.56
3/7/2014,102.58
3/10/2014,101.12
3/11/2014,100.03
3/12/2014,97.99
3/13/2014,98.2
3/14/2014,98.89
3/17/2014,98.08
3/18/2014,99.7
3/19/2014,100.37
3/20/2014,99.43
3/21/2014,99.46
3/24/2014,99.6
3/25/2014,99.19
3/26/2014,100.26
3/27/2014,101.28
3/28/2014,101.67
3/31/2014,101.58
4/1/2014,99.74
4/2/2014,99.62
4/3/2014,100.29
4/4/2014,101.14
4/7/2014,100.44
4/8/2014,102.56
4/9/2014,103.6
4/10/2014,103.4
4/11/2014,103.74
4/14/2014,104.05
4/15/2014,103.75
4/16/2014,103.76
4/17/2014,104.3
4/21/2014,104.37
4/22/2014,102.13
4/23/2014,101.44
4/24/2014,101.94
4/25/2014,100.6
4/28/2014,100.84
4/29/2014,101.28
4/30/2014,99.74
5/1/2014,99.42
5/2/2014,99.76
5/5/2014,99.48
5/6/2014,99.5
5/7/2014,100.77
5/8/2014,100.26
5/9/2014,99.99
5/12/2014,100.59
5/13/2014,101.7
5/14/2014,102.37
5/15/2014,101.5
5/16/2014,102.02
5/19/2014,102.61
5/20/2014,102.44
5/21/2014,104.07
5/22/2014,103.74
5/23/2014,104.35
5/26/2014,104.28
5/27/2014,104.11
5/28/2014,102.72
5/29/2014,103.58
5/30/2014,102.71
6/2/2014,102.47
6/3/2014,102.66
6/4/2014,102.64
6/5/2014,102.48
6/6/2014,102.66
6/9/2014,104.41
6/10/2014,104.35
6/11/2014,104.4
6/12/2014,106.53
6/13/2014,106.91
6/16/2014,106.9
6/17/2014,106.36
6/18/2014,105.97
6/19/2014,106.43
6/20/2014,107.26
6/23/2014,106.17
6/24/2014,106.03
6/25/2014,106.5
6/26/2014,105.84
6/27/2014,105.74
6/30/2014,105.37
7/1/2014,105.34
7/2/2014,104.48
7/3/2014,104.06
7/4/2014,103.76
7/7/2014,103.53
7/8/2014,103.4
7/9/2014,102.29
7/10/2014,102.93
7/11/2014,100.83
7/14/2014,100.91
7/15/2014,99.96
7/16/2014,101.2
7/17/2014,103.19
7/18/2014,103.13
7/21/2014,104.59
7/22/2014,104.42
7/23/2014,103.12
7/24/2014,102.07
7/25/2014,102.09
7/28/2014,101.67
7/29/2014,100.97
7/30/2014,100.27
7/31/2014,98.17
8/1/2014,97.88
8/4/2014,98.29
8/5/2014,97.38
8/6/2014,96.92
8/7/2014,97.34
8/8/2014,97.65
8/11/2014,98.08
8/12/2014,97.37
8/13/2014,97.59
8/14/2014,95.58
8/15/2014,97.35
8/18/2014,96.41
8/19/2014,94.48
8/20/2014,96.07
8/21/2014,93.96
8/22/2014,93.65
8/25/2014,93.35
8/26/2014,93.86
8/27/2014,93.88
8/28/2014,94.55
8/29/2014,95.96
9/1/2014,95.83
9/2/2014,92.88
9/3/2014,95.54
9/4/2014,94.45
9/5/2014,93.29
9/8/2014,92.66
9/9/2014,92.75
9/10/2014,91.67
9/11/2014,92.83
9/12/2014,92.27
9/15/2014,92.92
9/16/2014,94.88
9/17/2014,94.42
9/18/2014,93.07
9/19/2014,92.41
9/22/2014,91.52
9/23/2014,91.56
9/24/2014,92.8
9/25/2014,92.53
9/26/2014,93.54
9/29/2014,94.57
9/30/2014,91.16
10/1/2014,90.73
10/2/2014,91.01
10/3/2014,89.74
10/6/2014,90.34
10/7/2014,88.85
10/8/2014,87.31
10/9/2014,85.77
10/10/2014,85.82
10/13/2014,85.74
10/14/2014,81.84
10/15/2014,81.78
10/16/2014,82.7
10/17/2014,82.75
10/20/2014,82.71
10/21/2014,82.81
10/22/2014,80.52
10/23/2014,82.09
10/24/2014,81.01
10/27/2014,81
10/28/2014,81.42
10/29/2014,82.2
10/30/2014,81.12
10/31/2014,80.54
11/3/2014,78.78
11/4/2014,77.19
11/5/2014,78.68
11/6/2014,77.91
11/7/2014,78.65
11/10/2014,77.4
11/11/2014,77.94
11/12/2014,77.18
11/13/2014,74.21
11/14/2014,75.82
11/17/2014,75.64
11/18/2014,74.61
11/19/2014,74.58
11/20/2014,75.58
11/21/2014,76.51
11/24/2014,75.78
11/25/2014,74.09
11/26/2014,73.69
11/27/2014,68.55
11/28/2014,66.15
12/1/2014,69
12/2/2014,66.88
12/3/2014,67.38
12/4/2014,66.81
12/5/2014,65.84
12/8/2014,63.05
12/9/2014,63.82
12/10/2014,60.94
12/11/2014,59.95
12/12/2014,57.81
12/15/2014,55.91
12/16/2014,55.93
12/17/2014,56.47
12/18/2014,54.11
12/19/2014,56.52
12/22/2014,55.26
12/23/2014,57.12
12/24/2014,55.84
12/25/2014,55.92
12/26/2014,54.73
12/29/2014,53.61
12/30/2014,54.12
12/31/2014,53.27
1/1/2015,54.56
1/2/2015,52.69
1/5/2015,50.04
1/6/2015,47.93
1/7/2015,48.65
1/8/2015,48.79
1/9/2015,48.36
1/12/2015,46.07
1/13/2015,45.89
1/14/2015,48.48
1/15/2015,46.25
1/16/2015,48.69
1/18/2015,48.85
1/19/2015,47.78
1/20/2015,46.39
1/21/2015,47.78
1/22/2015,46.31
1/23/2015,45.59
1/26/2015,45.15
1/27/2015,46.23
1/28/2015,44.45
1/29/2015,44.53
1/30/2015,48.24
2/2/2015,49.57
2/3/2015,53.05
2/4/2015,48.45
2/5/2015,50.48
2/6/2015,51.69
2/9/2015,52.86
2/10/2015,50.02
2/11/2015,48.84
2/12/2015,51.21
2/13/2015,52.78
2/15/2015,54.06
2/16/2015,53.61
2/17/2015,53.53
2/18/2015,52.14
2/19/2015,51.16
2/20/2015,50.34
2/23/2015,49.45
2/24/2015,49.28
2/25/2015,50.99
2/26/2015,48.17
2/27/2015,49.76
3/2/2015,49.59
3/3/2015,50.52
3/4/2015,51.53
3/5/2015,50.76
3/6/2015,49.61
3/9/2015,50
3/10/2015,48.29
3/11/2015,48.17
3/12/2015,47.05
3/13/2015,44.84
3/16/2015,43.88
3/17/2015,43.46
3/18/2015,44.66
3/19/2015,43.96
3/20/2015,45.72
3/23/2015,47.45
3/24/2015,47.51
3/25/2015,49.21
3/26/2015,51.43
3/27/2015,48.87
3/30/2015,48.68
3/31/2015,47.6
4/1/2015,50.09
4/2/2015,49.14
4/3/2015,49.14
4/6/2015,52.14
4/7/2015,53.98
4/8/2015,50.42
4/9/2015,50.79
4/10/2015,51.64
4/13/2015,51.91
4/14/2015,53.29
4/15/2015,56.39
4/16/2015,56.71
4/17/2015,55.74
4/20/2015,56.38
4/21/2015,55.26
4/22/2015,56.16
4/23/2015,57.74
4/24/2015,57.15
4/27/2015,56.99
4/28/2015,57.06
4/29/2015,58.58
4/30/2015,59.63
5/1/2015,59.15
5/4/2015,58.93
5/5/2015,60.4
5/6/2015,60.93
5/7/2015,58.94
5/8/2015,59.39
5/11/2015,59.25
5/12/2015,60.75
5/13/2015,60.5
5/14/2015,59.88
5/15/2015,59.69
5/18/2015,59.43
5/19/2015,57.26
5/20/2015,58.98
5/21/2015,60.72
5/22/2015,59.72
5/24/2015,59.92
5/25/2015,59.85
5/26/2015,58.03
5/27/2015,57.51
5/28/2015,57.68
5/29/2015,60.3
6/1/2015,60.2
6/2/2015,61.26
6/3/2015,59.64
6/4/2015,58
6/5/2015,59.13
6/8/2015,58.14
6/9/2015,60.14
6/10/2015,61.43
6/11/2015,60.77
6/12/2015,59.96
6/15/2015,59.52
6/16/2015,59.97
6/17/2015,59.92
6/18/2015,60.45
6/19/2015,59.61
6/22/2015,59.68
6/23/2015,61.01
6/24/2015,60.27
6/25/2015,59.7
6/26/2015,59.63
6/29/2015,58.33
6/30/2015,59.47
7/1/2015,56.96
7/2/2015,56.93
7/3/2015,55.52
7/6/2015,52.53
7/7/2015,52.33
7/8/2015,51.65
7/9/2015,52.78
7/10/2015,52.74
7/13/2015,52.2
7/14/2015,53.04
7/15/2015,51.41
7/16/2015,50.91
7/17/2015,50.89
7/20/2015,50.15
7/21/2015,50.36
7/22/2015,49.19
7/23/2015,48.45
7/24/2015,48.14
7/27/2015,47.39
7/28/2015,47.98
7/29/2015,48.79
7/30/2015,48.52
7/31/2015,47.12
8/3/2015,45.17
8/4/2015,45.74
8/5/2015,45.15
8/6/2015,44.66
8/7/2015,43.87
8/10/2015,44.96
8/11/2015,43.08
8/12/2015,43.3
8/13/2015,42.23
8/14/2015,42.5
8/17/2015,41.87
8/18/2015,42.62
8/19/2015,40.8
8/20/2015,41.14
8/21/2015,40.45
8/24/2015,38.24
8/25/2015,39.31
8/26/2015,38.6
8/27/2015,42.56
8/28/2015,45.22
8/31/2015,49.2
9/1/2015,45.41
9/2/2015,46.25
9/3/2015,46.75
9/4/2015,46.05
9/6/2015,45.72
9/7/2015,44.7
9/8/2015,45.94
9/9/2015,44.15
9/10/2015,45.92
9/11/2015,44.63
9/14/2015,44
9/15/2015,44.59
9/16/2015,47.15
9/17/2015,46.9
9/18/2015,44.68
9/21/2015,46.68
9/22/2015,45.83
9/23/2015,44.48
9/24/2015,44.91
9/25/2015,45.7
9/28/2015,44.43
9/29/2015,45.23
9/30/2015,45.09
10/1/2015,44.74
10/2/2015,45.54
10/5/2015,46.26
10/6/2015,48.53
10/7/2015,47.81
10/8/2015,49.43
10/9/2015,49.63
10/12/2015,47.1
10/13/2015,46.66
10/14/2015,46.64
10/15/2015,46.38
10/16/2015,47.26
10/19/2015,45.89
10/20/2015,45.55
10/21/2015,45.2
10/22/2015,45.38
10/23/2015,44.6
10/26/2015,43.98
10/27/2015,43.2
10/28/2015,45.94
10/29/2015,46.06
10/30/2015,46.59
11/2/2015,46.14
11/3/2015,47.9
11/4/2015,46.32
11/5/2015,45.2
11/6/2015,44.29
11/9/2015,43.87
11/10/2015,44.21
11/11/2015,42.93
11/12/2015,41.75
11/13/2015,40.74
11/16/2015,41.74
11/17/2015,40.67
11/18/2015,40.75
11/19/2015,40.54
11/20/2015,40.39
11/23/2015,41.75
11/24/2015,42.87
11/25/2015,43.04
11/26/2015,42.59
11/27/2015,41.71
11/30/2015,41.65
12/1/2015,41.85
12/2/2015,39.94
12/3/2015,41.08
12/4/2015,39.97
12/7/2015,37.65
12/8/2015,37.51
12/9/2015,37.16
12/10/2015,36.76
12/11/2015,35.62
12/14/2015,36.31
12/15/2015,37.35
12/16/2015,35.52
12/17/2015,34.95
12/18/2015,34.73
12/21/2015,34.74
12/22/2015,36.14
12/23/2015,37.5
12/24/2015,38.1
12/28/2015,36.81
12/29/2015,37.87
12/30/2015,36.6
12/31/2015,37.04
1/4/2016,36.76
1/5/2016,35.97
1/6/2016,33.97
1/7/2016,33.27
1/8/2016,33.16
1/11/2016,31.41
1/12/2016,30.44
1/13/2016,30.48
1/14/2016,31.2
1/15/2016,29.42
1/17/2016,29.75
1/18/2016,30.02
1/19/2016,28.46
1/20/2016,26.55
1/21/2016,29.53
1/22/2016,32.19
1/25/2016,30.34
1/26/2016,31.45
1/27/2016,32.3
1/28/2016,33.22
1/29/2016,33.62
2/1/2016,31.62
2/2/2016,29.88
2/3/2016,32.28
2/4/2016,31.72
2/5/2016,30.89
2/8/2016,29.69
2/9/2016,27.94
2/10/2016,27.45
2/11/2016,26.21
2/12/2016,29.44
2/14/2016,29.08
2/15/2016,30.6
2/16/2016,29.04
2/17/2016,30.66
2/18/2016,30.77
2/19/2016,29.64
2/22/2016,31.48
2/23/2016,31.87
2/24/2016,32.15
2/25/2016,33.07
2/26/2016,32.78
2/29/2016,33.75
3/1/2016,34.4
3/2/2016,34.66
3/3/2016,34.57
3/4/2016,35.92
3/7/2016,37.9
3/8/2016,36.5
3/9/2016,38.29
3/10/2016,37.84
3/11/2016,38.5
3/14/2016,37.18
3/15/2016,36.34
3/16/2016,38.46
3/17/2016,40.2
3/18/2016,39.44
3/21/2016,39.91
3/22/2016,41.45
3/23/2016,39.79
3/24/2016,39.46
3/28/2016,39.39
3/29/2016,38.28
3/30/2016,38.32
3/31/2016,38.34
4/1/2016,36.79
4/4/2016,35.7
4/5/2016,35.89
4/6/2016,37.75
4/7/2016,37.26
4/8/2016,39.72
4/11/2016,40.36
4/12/2016,42.17
4/13/2016,41.76
4/14/2016,41.5
4/15/2016,40.36
4/18/2016,39.78
4/19/2016,41.08
4/20/2016,42.63
4/21/2016,43.18
4/22/2016,43.73
4/25/2016,42.64
4/26/2016,44.04
4/27/2016,45.33
4/28/2016,46.03
4/29/2016,45.92
5/2/2016,44.78
5/3/2016,43.65
5/4/2016,43.78
5/5/2016,44.32
5/6/2016,44.66
5/9/2016,43.44
5/10/2016,44.66
5/11/2016,46.23
5/12/2016,46.7
5/13/2016,46.21
5/16/2016,47.72
5/17/2016,48.31
5/18/2016,48.19
5/19/2016,48.16
5/20/2016,47.75
5/23/2016,48.08
5/24/2016,48.62
5/25/2016,49.56
5/26/2016,49.48
5/27/2016,49.33
5/29/2016,49.58
5/30/2016,49.51
5/31/2016,49.1
6/1/2016,49.01
6/2/2016,49.17
6/3/2016,48.62
6/6/2016,49.69
6/7/2016,50.36
6/8/2016,51.23
6/9/2016,50.56
6/10/2016,49.07
6/13/2016,48.88
6/14/2016,48.49
6/15/2016,48.01
6/16/2016,46.21
6/17/2016,47.98
6/20/2016,49.37
6/21/2016,48.85
6/22/2016,49.13
6/23/2016,50.11
6/24/2016,47.64
6/27/2016,46.33
6/28/2016,47.85
6/29/2016,49.88
6/30/2016,48.33
7/1/2016,48.99
7/3/2016,49.01
7/4/2016,48.65
7/5/2016,46.6
7/6/2016,47.43
7/7/2016,45.14
7/8/2016,45.41
7/11/2016,44.76
7/12/2016,46.8
7/13/2016,44.75
7/14/2016,45.68
7/15/2016,45.95
7/18/2016,45.24
7/19/2016,44.65
7/20/2016,44.94
7/21/2016,44.75
7/22/2016,44.19
7/25/2016,43.13
7/26/2016,42.92
7/27/2016,41.92
7/28/2016,41.14
7/29/2016,41.6
8/1/2016,40.06
8/2/2016,39.51
8/3/2016,40.83
8/4/2016,41.93
8/5/2016,41.8
8/8/2016,43.02
8/9/2016,42.77
8/10/2016,41.71
8/11/2016,43.49
8/12/2016,44.49
8/15/2016,45.74
8/16/2016,46.58
8/17/2016,46.79
8/18/2016,48.22
8/19/2016,48.52
8/22/2016,47.05
8/23/2016,48.1
8/24/2016,46.77
8/25/2016,47.33
8/26/2016,47.64
8/29/2016,46.98
8/30/2016,46.35
8/31/2016,44.7
9/1/2016,43.16
9/2/2016,44.44
9/4/2016,44.11
9/5/2016,45.07
9/6/2016,44.83
9/7/2016,45.5
9/8/2016,47.62
9/9/2016,45.88
9/12/2016,46.29
9/13/2016,44.9
9/14/2016,43.58
9/15/2016,43.91
9/16/2016,43.03
9/19/2016,43.3
9/20/2016,43.44
9/21/2016,45.34
9/22/2016,46.32
9/23/2016,44.48
9/26/2016,45.93
9/27/2016,44.67
9/28/2016,47.05
9/29/2016,47.83
9/30/2016,48.24
10/3/2016,48.81
10/4/2016,48.69
10/5/2016,49.83
10/6/2016,50.44
10/7/2016,49.81
10/10/2016,51.35
10/11/2016,50.79
10/12/2016,50.18
10/13/2016,50.44
10/14/2016,50.35
10/17/2016,49.94
10/18/2016,50.29
10/19/2016,51.6
10/20/2016,50.43
10/21/2016,50.85
10/24/2016,50.52
10/25/2016,49.96
10/26/2016,49.18
10/27/2016,49.72
10/28/2016,48.7
10/31/2016,46.86
11/1/2016,46.67
11/2/2016,45.34
11/3/2016,44.66
11/4/2016,44.07
11/7/2016,44.89
11/8/2016,44.98
11/9/2016,45.27
11/10/2016,44.66
11/11/2016,43.41
11/14/2016,43.32
11/15/2016,45.81
11/16/2016,45.57
11/17/2016,45.42
11/18/2016,45.69
11/21/2016,47.49
11/22/2016,48.03
11/23/2016,47.96
11/24/2016,47.98
11/25/2016,46.06
11/28/2016,47.08
11/29/2016,45.23
11/30/2016,49.44
12/1/2016,51.06
12/2/2016,51.68
12/5/2016,51.79
12/6/2016,50.93
12/7/2016,49.77
12/8/2016,50.84
12/9/2016,51.5
12/12/2016,52.83
12/13/2016,52.98
12/14/2016,51.04
12/15/2016,50.9
12/16/2016,51.9
12/19/2016,52.12
12/20/2016,52.23
12/21/2016,52.49
12/22/2016,52.95
12/23/2016,53.02
12/26/2016,53.19
12/27/2016,53.9
12/28/2016,54.06
12/29/2016,53.77
12/30/2016,53.72
1/2/2017,54.03
1/3/2017,52.33
1/4/2017,53.26
1/5/2017,53.76
1/6/2017,53.99
1/9/2017,51.96
1/10/2017,50.82
1/11/2017,52.25
1/12/2017,53.01
1/13/2017,52.37
1/15/2017,52.45
1/16/2017,52.52
1/17/2017,52.48
1/18/2017,51.08
1/19/2017,51.37
1/20/2017,52.42
1/23/2017,52.75
1/24/2017,53.18
1/25/2017,52.75
1/26/2017,53.78
1/27/2017,53.17
1/30/2017,52.63
1/31/2017,52.81
2/1/2017,53.88
2/2/2017,53.54
2/3/2017,53.83
2/6/2017,53.01
2/7/2017,52.17
2/8/2017,52.34
2/9/2017,53
2/10/2017,53.86
2/13/2017,52.93
2/14/2017,53.2
2/15/2017,53.11
2/16/2017,53.36
2/17/2017,53.4
2/19/2017,53.79
2/20/2017,53.97
2/21/2017,54.06
2/22/2017,53.59
2/23/2017,54.45
2/24/2017,53.99
2/27/2017,54.05
2/28/2017,54.01
3/1/2017,53.83
3/2/2017,52.61
3/3/2017,53.33
3/6/2017,53.2
3/7/2017,53.14
3/8/2017,50.28
3/9/2017,49.28
3/10/2017,48.49
3/13/2017,48.4
3/14/2017,47.72
3/15/2017,48.86
3/16/2017,48.75
3/17/2017,48.78
3/20/2017,48.22
3/21/2017,47.34
3/22/2017,48.04
3/23/2017,47.7
3/24/2017,47.97
3/27/2017,47.73
3/28/2017,48.37
3/29/2017,49.51
3/30/2017,50.35
3/31/2017,50.6
4/3/2017,50.24
4/4/2017,51.03
4/5/2017,51.15
4/6/2017,51.7
4/7/2017,52.24
4/10/2017,53.08
4/11/2017,53.4
4/12/2017,53.11
4/13/2017,53.18
4/17/2017,52.65
4/18/2017,52.41
4/19/2017,50.44
4/20/2017,50.27
4/21/2017,49.62
4/24/2017,49.23
4/25/2017,49.56
4/26/2017,49.62
4/27/2017,48.97
4/28/2017,49.33
5/1/2017,48.84
5/2/2017,47.66
5/3/2017,47.82
5/4/2017,45.52
5/5/2017,46.22
5/8/2017,46.43
5/9/2017,45.88
5/10/2017,47.33
5/11/2017,47.83
5/12/2017,47.84
5/15/2017,48.85
5/16/2017,48.66
5/17/2017,49.07
5/18/2017,49.35
5/19/2017,50.33
5/22/2017,50.73
5/23/2017,51.47
5/24/2017,51.36
5/25/2017,48.9
5/26/2017,49.8
5/28/2017,49.94
5/29/2017,49.97
5/30/2017,49.66
5/31/2017,48.32
6/1/2017,48.36
6/2/2017,47.66
6/5/2017,47.4
6/6/2017,48.19
6/7/2017,45.72
6/8/2017,45.64
6/9/2017,45.83
6/12/2017,46.08
6/13/2017,46.46
6/14/2017,44.73
6/15/2017,44.46
6/16/2017,44.74
6/19/2017,44.2
6/20/2017,43.23
6/21/2017,42.53
6/22/2017,42.74
6/23/2017,43.01
6/26/2017,43.38
6/27/2017,44.24
6/28/2017,44.74
6/29/2017,44.93
6/30/2017,46.04
7/3/2017,47.07
7/4/2017,47.13
7/5/2017,45.13
7/6/2017,45.52
7/7/2017,44.23
7/10/2017,44.4
7/11/2017,45.04
7/12/2017,45.49
7/13/2017,46.08
7/14/2017,46.54
7/17/2017,46.02
7/18/2017,46.4
7/19/2017,47.12
7/20/2017,46.79
7/21/2017,45.77
7/24/2017,46.34
7/25/2017,47.89
7/26/2017,48.75
7/27/2017,49.04
7/28/2017,49.71
7/31/2017,50.17
8/1/2017,49.16
8/2/2017,49.59
8/3/2017,49.03
8/4/2017,49.58
8/7/2017,49.39
8/8/2017,49.17
8/9/2017,49.56
8/10/2017,48.59
8/11/2017,48.82
8/14/2017,47.59
8/15/2017,47.55
8/16/2017,46.78
8/17/2017,47.09
8/18/2017,48.51
8/21/2017,47.37
8/22/2017,47.64
8/23/2017,48.41
8/24/2017,47.43
8/25/2017,47.87
8/28/2017,46.57
8/29/2017,46.44
8/30/2017,45.96
8/31/2017,47.23
9/1/2017,47.29
9/3/2017,47.32
9/4/2017,47.41
9/5/2017,48.66
9/6/2017,49.16
9/7/2017,49.09
9/8/2017,47.48
9/11/2017,48.07
9/12/2017,48.23
9/13/2017,49.3
9/14/2017,49.89
9/15/2017,49.89
9/18/2017,49.91
9/19/2017,49.48
9/20/2017,50.41
9/21/2017,50.55
9/22/2017,50.66
9/25/2017,52.22
9/26/2017,51.88
9/27/2017,52.14
9/28/2017,51.56
9/29/2017,51.67
10/2/2017,50.58
10/3/2017,50.42
10/4/2017,49.98
10/5/2017,50.79
10/6/2017,49.29
10/9/2017,49.58
10/10/2017,50.92
10/11/2017,51.3
10/12/2017,50.6
10/13/2017,51.45
10/16/2017,51.87
10/17/2017,51.88
10/18/2017,52.04
10/19/2017,51.29
10/20/2017,51.47
10/23/2017,51.9
10/24/2017,52.47
10/25/2017,52.18
10/26/2017,52.64
10/27/2017,53.9
10/30/2017,54.15
10/31/2017,54.38
11/1/2017,54.3
11/2/2017,54.54
11/3/2017,55.64
11/6/2017,57.35
11/7/2017,57.2
11/8/2017,56.81
11/9/2017,57.17
11/10/2017,56.74
11/13/2017,56.76
11/14/2017,55.7
11/15/2017,55.33
11/16/2017,55.14
11/17/2017,56.55
11/20/2017,56.09
11/21/2017,56.83
11/22/2017,58.02
11/23/2017,58.38
11/24/2017,58.95
11/27/2017,58.11
11/28/2017,57.99
11/29/2017,57.3
11/30/2017,57.4
12/1/2017,58.36
12/4/2017,57.47
12/5/2017,57.62
12/6/2017,55.96
12/7/2017,56.69
12/8/2017,57.36
12/11/2017,57.99
12/12/2017,57.14
12/13/2017,56.6
12/14/2017,57.04
12/15/2017,57.3
12/18/2017,57.16
12/19/2017,57.46
12/20/2017,58.09
12/21/2017,58.36
12/22/2017,58.47
12/25/2017,58.59
12/26/2017,59.97
12/27/2017,59.64
12/28/2017,59.84
12/29/2017,60.42
1/1/2018,60.24
1/2/2018,60.37
1/3/2018,61.63
1/4/2018,62.01
1/5/2018,61.44
1/8/2018,61.73
1/9/2018,62.96
1/10/2018,63.57
1/11/2018,63.8
1/12/2018,64.3
1/14/2018,64.28
1/15/2018,64.73
1/16/2018,63.73
1/17/2018,63.97
1/18/2018,63.95
1/19/2018,63.37
1/22/2018,63.49
1/23/2018,64.47
1/24/2018,65.61
1/25/2018,65.51
1/26/2018,66.14
1/29/2018,65.56
1/30/2018,64.5
1/31/2018,64.73
2/1/2018,65.8
2/2/2018,65.45
2/5/2018,64.15
2/6/2018,63.39
2/7/2018,61.79
2/8/2018,61.15
2/9/2018,59.2
2/12/2018,59.29
2/13/2018,59.19
2/14/2018,60.6
2/15/2018,61.34
2/16/2018,61.68
2/18/2018,61.72
2/19/2018,62.38
2/20/2018,61.9
2/21/2018,61.68
2/22/2018,62.77
2/23/2018,63.55
2/26/2018,63.91
2/27/2018,63.01
2/28/2018,61.64
3/1/2018,60.99
3/2/2018,61.25
3/5/2018,62.57
3/6/2018,62.6
3/7/2018,61.15
3/8/2018,60.12
3/9/2018,62.04
3/12/2018,61.36
3/13/2018,60.71
3/14/2018,60.96
3/15/2018,61.19
3/16/2018,62.34
3/19/2018,62.06
3/20/2018,63.4
3/21/2018,65.17
3/22/2018,64.3
3/23/2018,65.88
3/26/2018,65.55
3/27/2018,65.25
3/28/2018,64.38
3/29/2018,64.94
4/2/2018,63.01
4/3/2018,63.51
4/4/2018,63.37
4/5/2018,63.54
4/6/2018,62.06
4/9/2018,63.42
4/10/2018,65.51
4/11/2018,66.82
4/12/2018,67.07
4/13/2018,67.39
4/16/2018,66.22
4/17/2018,66.52
4/18/2018,68.47
4/19/2018,68.29
4/20/2018,68.38
4/23/2018,68.64
4/24/2018,67.7
4/25/2018,68.05
4/26/2018,68.19
4/27/2018,68.1
4/30/2018,68.57
5/1/2018,67.25
5/2/2018,67.93
5/3/2018,68.43
5/4/2018,69.72
5/7/2018,70.73
5/8/2018,69.06
5/9/2018,71.14
5/10/2018,71.36
5/11/2018,70.7
5/14/2018,70.96
5/15/2018,71.31
5/16/2018,71.49
5/17/2018,71.49
5/18/2018,71.28
5/21/2018,72.24
5/22/2018,72.13
5/23/2018,71.84
5/24/2018,70.71
5/25/2018,67.88
5/27/2018,67.36
5/28/2018,67.05
5/29/2018,66.73
5/30/2018,68.21
5/31/2018,67.04
6/1/2018,65.81
6/4/2018,64.75
6/5/2018,65.52
6/6/2018,64.73
6/7/2018,65.95
6/8/2018,65.74
6/11/2018,66.1
6/12/2018,66.36
6/13/2018,66.64
6/14/2018,66.89
6/15/2018,65.06
6/18/2018,65.85
6/19/2018,65.07
6/20/2018,66.22
6/21/2018,65.54
6/22/2018,68.58
6/25/2018,68.08
6/26/2018,70.53
6/27/2018,72.76
6/28/2018,73.45
6/29/2018,74.15
7/2/2018,73.94
7/3/2018,74.14
7/4/2018,74.13
7/5/2018,72.94
7/6/2018,73.8
7/9/2018,73.85
7/10/2018,74.11
7/11/2018,70.38
7/12/2018,70.33
7/13/2018,71.01
7/16/2018,68.06
7/17/2018,68.08
7/18/2018,68.76
7/19/2018,69.46
7/20/2018,70.46
7/23/2018,67.89
7/24/2018,68.52
7/25/2018,69.3
7/26/2018,69.61
7/27/2018,68.69
7/30/2018,70.13
7/31/2018,68.76
8/1/2018,67.66
8/2/2018,68.96
8/3/2018,68.49
8/6/2018,69.01
8/7/2018,69.17
8/8/2018,66.94
8/9/2018,66.81
8/10/2018,67.63
8/13/2018,67.2
8/14/2018,67.04
8/15/2018,65.01
8/16/2018,65.46
8/17/2018,65.91
8/20/2018,66.43
8/21/2018,67.35
8/22/2018,67.86
8/23/2018,67.83
8/24/2018,68.72
8/27/2018,68.87
8/28/2018,68.53
8/29/2018,69.51
8/30/2018,70.25
8/31/2018,69.8
9/2/2018,69.92
9/3/2018,70.12
9/4/2018,69.87
9/5/2018,68.72
9/6/2018,67.77
9/7/2018,67.75
9/10/2018,67.54
9/11/2018,69.25
9/12/2018,70.37
9/13/2018,68.59
9/14/2018,68.99
9/17/2018,68.91
9/18/2018,69.85
9/19/2018,71.12
9/20/2018,70.8
9/21/2018,70.78
9/24/2018,72.08
9/25/2018,72.28
9/26/2018,71.57
9/27/2018,72.12
9/28/2018,73.25
10/1/2018,75.3
10/2/2018,75.23
10/3/2018,76.41
10/4/2018,74.33
10/5/2018,74.34
10/8/2018,74.29
10/9/2018,74.96
10/10/2018,73.17
10/11/2018,70.97
10/12/2018,71.34
10/15/2018,71.78
10/16/2018,71.92
10/17/2018,69.75
10/18/2018,68.65
10/19/2018,69.12
10/22/2018,69.17
10/23/2018,66.43
10/24/2018,66.82
10/25/2018,67.33
10/26/2018,67.59
10/29/2018,67.04
10/30/2018,66.18
10/31/2018,65.31
11/1/2018,63.69
11/2/2018,63.14
11/5/2018,63.1
11/6/2018,62.21
11/7/2018,61.67
11/8/2018,60.67
11/9/2018,60.19
11/12/2018,59.93
11/13/2018,55.69
11/14/2018,56.25
11/15/2018,56.46
11/16/2018,56.46
11/19/2018,56.76
11/20/2018,53.43
11/21/2018,54.63
11/22/2018,54.02
11/23/2018,50.42
11/26/2018,51.63
11/27/2018,51.56
11/28/2018,50.29
11/29/2018,51.45
11/30/2018,50.93
12/3/2018,52.95
12/4/2018,53.25
12/5/2018,52.89
12/6/2018,51.49
12/7/2018,52.61
12/10/2018,51
12/11/2018,51.65
12/12/2018,51.15
12/13/2018,52.58
12/14/2018,51.2
12/17/2018,49.88
12/18/2018,46.24
12/19/2018,47.2
12/20/2018,45.88
12/21/2018,45.59
12/24/2018,42.53
12/25/2018,43.16
12/26/2018,46.22
12/27/2018,44.61
12/28/2018,45.33
12/31/2018,45.41
1/1/2019,45.89
1/2/2019,46.54
1/3/2019,47.09
1/4/2019,47.96
1/7/2019,48.52
1/8/2019,49.78
1/9/2019,52.36
1/10/2019,52.59
1/11/2019,51.59
1/14/2019,50.51
1/15/2019,52.11
1/16/2019,52.31
1/17/2019,52.07
1/18/2019,53.8
1/20/2019,53.65
1/21/2019,54.24
1/22/2019,52.57
1/23/2019,52.62
1/24/2019,53.13
1/25/2019,53.69
1/28/2019,51.99
1/29/2019,53.31
1/30/2019,54.23
1/31/2019,53.79
2/1/2019,55.26
2/4/2019,54.56
2/5/2019,53.66
2/6/2019,54.01
2/7/2019,52.64
2/8/2019,52.72
2/11/2019,52.41
2/12/2019,53.1
2/13/2019,53.9
2/14/2019,54.41
2/15/2019,55.59
2/17/2019,56.33
2/18/2019,56.27
2/19/2019,56.09
2/20/2019,56.92
2/21/2019,56.96
2/22/2019,57.26
2/25/2019,55.48
2/26/2019,55.5
2/27/2019,56.94
2/28/2019,57.22
3/1/2019,55.8
3/4/2019,56.59
3/5/2019,56.56
3/6/2019,56.22
3/7/2019,56.66
3/8/2019,56.07
3/11/2019,56.79
3/12/2019,56.87
3/13/2019,58.26
3/14/2019,58.61
3/15/2019,58.52
3/18/2019,59.09
3/19/2019,59.03
3/20/2019,59.83
3/21/2019,59.98
3/22/2019,59.04
3/25/2019,58.82
3/26/2019,59.94
3/27/2019,59.41
3/28/2019,59.3
3/29/2019,60.14
4/1/2019,61.59
4/2/2019,62.58
4/3/2019,62.46
4/4/2019,62.1
4/5/2019,63.08
4/8/2019,64.4
4/9/2019,63.98
4/10/2019,64.61
4/11/2019,63.58
4/12/2019,63.89
4/15/2019,63.4
4/16/2019,64.05
4/17/2019,63.76
4/18/2019,64
4/22/2019,65.7
4/23/2019,66.3
4/24/2019,65.89
4/25/2019,65.21
4/26/2019,63.3
4/29/2019,63.5
4/30/2019,63.91
5/1/2019,63.6
5/2/2019,61.81
5/3/2019,61.94
5/6/2019,62.25
5/7/2019,61.4
5/8/2019,62.12
5/9/2019,61.7
5/10/2019,61.66
5/13/2019,61.04
5/14/2019,61.78
5/15/2019,62.02
5/16/2019,62.87
5/17/2019,62.76
5/20/2019,63.1
5/21/2019,62.99
5/22/2019,61.42
5/23/2019,57.91
5/24/2019,58.63
5/26/2019,58.77
5/27/2019,59.16
5/28/2019,59.14
5/29/2019,58.81
5/30/2019,56.59
5/31/2019,53.5
6/3/2019,53.25
6/4/2019,53.48
6/5/2019,51.68
6/6/2019,52.59
6/7/2019,53.99
6/10/2019,53.26
6/11/2019,53.27
6/12/2019,51.14
6/13/2019,52.28
6/14/2019,52.51
6/17/2019,51.93
6/18/2019,53.9
6/19/2019,53.76
6/20/2019,56.65
6/21/2019,57.43
6/24/2019,57.9
6/25/2019,57.83
6/26/2019,59.38
6/27/2019,59.43
6/28/2019,58.47
7/1/2019,59.09
7/2/2019,56.25
7/3/2019,57.34
7/4/2019,56.8
7/5/2019,57.51
7/8/2019,57.66
7/9/2019,57.83
7/10/2019,60.43
7/11/2019,60.2
7/12/2019,60.21
7/15/2019,59.58
7/16/2019,57.62
7/17/2019,56.78
7/18/2019,55.3
7/19/2019,55.63
7/22/2019,56.22
7/23/2019,56.77
7/24/2019,55.88
7/25/2019,56.02
7/26/2019,56.2
7/29/2019,56.87
7/30/2019,58.05
7/31/2019,58.58
8/1/2019,53.95
8/2/2019,55.66
8/5/2019,54.69
8/6/2019,53.63
8/7/2019,51.09
8/8/2019,52.54
8/9/2019,54.5
8/12/2019,54.93
8/13/2019,57.1
8/14/2019,55.23
8/15/2019,54.47
8/16/2019,54.87
8/19/2019,56.21
8/20/2019,56.34
8/21/2019,55.68
8/22/2019,55.35
8/23/2019,54.17
8/26/2019,53.64
8/27/2019,54.93
8/28/2019,55.78
8/29/2019,56.71
8/30/2019,55.1
9/1/2019,54.8
9/2/2019,54.66
9/3/2019,53.94
9/4/2019,56.26
9/5/2019,56.3
9/6/2019,56.52
9/9/2019,57.85
9/10/2019,57.4
9/11/2019,55.75
9/12/2019,55.09
9/13/2019,54.85
9/16/2019,62.9
9/17/2019,59.34
9/18/2019,58.11
9/19/2019,58.13
9/20/2019,58.09
9/23/2019,58.64
9/24/2019,57.29
9/25/2019,56.49
9/26/2019,56.41
9/27/2019,55.91
9/30/2019,54.07
10/1/2019,53.62
10/2/2019,52.64
10/3/2019,52.45
10/4/2019,52.81
10/7/2019,52.75
10/8/2019,52.63
10/9/2019,52.59
10/10/2019,53.55
10/11/2019,54.7
10/14/2019,53.59
10/15/2019,52.81
10/16/2019,53.36
10/17/2019,53.93
10/18/2019,53.78
10/21/2019,53.31
10/22/2019,54.16
10/23/2019,55.97
10/24/2019,56.23
10/25/2019,56.66
10/28/2019,55.81
10/29/2019,55.54
10/30/2019,55.06
10/31/2019,54.18
11/1/2019,56.2
11/4/2019,56.54
11/5/2019,57.23
11/6/2019,56.35
11/7/2019,57.15
11/8/2019,57.24
11/11/2019,56.86
11/12/2019,56.8
11/13/2019,57.12
11/14/2019,56.77
11/15/2019,57.72
11/18/2019,57.05
11/19/2019,55.21
11/20/2019,57.11
11/21/2019,58.58
11/22/2019,57.77
11/25/2019,58.01
11/26/2019,58.41
11/27/2019,58.11
11/28/2019,58.08
11/29/2019,55.17
12/2/2019,55.96
12/3/2019,56.1
12/4/2019,58.43
12/5/2019,58.43
12/6/2019,59.2
12/9/2019,59.02
12/10/2019,59.24
12/11/2019,58.76
12/12/2019,59.18
12/13/2019,60.07
12/16/2019,60.21
12/17/2019,60.94
12/18/2019,60.93
12/19/2019,61.22
12/20/2019,60.44
12/23/2019,60.52
12/24/2019,61.11
12/25/2019,61.19
12/26/2019,61.68
12/27/2019,61.72
12/30/2019,61.68
12/31/2019,61.06
1/1/2020,61.33
1/2/2020,61.18
1/3/2020,63.05
1/6/2020,63.27
1/7/2020,62.7
1/8/2020,59.61
1/9/2020,59.56
1/10/2020,59.04
1/13/2020,58.08
1/14/2020,58.23
1/15/2020,57.81
1/16/2020,58.52
1/17/2020,58.54
1/19/2020,59.27
1/20/2020,58.73
1/21/2020,58.34
1/22/2020,56.74
1/23/2020,55.59
1/24/2020,54.19
1/27/2020,53.14
1/28/2020,53.48
1/29/2020,53.33
1/30/2020,52.14
1/31/2020,51.56
2/3/2020,50.11
2/4/2020,49.61
2/5/2020,50.75
2/6/2020,50.95
2/7/2020,50.32
2/10/2020,49.57
2/11/2020,49.94
2/12/2020,51.17
2/13/2020,51.42
2/14/2020,52.05
2/16/2020,52.36
2/17/2020,52.2
2/18/2020,52.05
2/19/2020,53.29
2/20/2020,53.78
2/21/2020,53.38
2/24/2020,51.43
2/25/2020,49.9
2/26/2020,48.73
2/27/2020,47.09
2/28/2020,44.76
3/2/2020,46.75
3/3/2020,47.18
3/4/2020,46.78
3/5/2020,45.9
3/6/2020,41.28
3/9/2020,31.13
3/10/2020,34.36
3/11/2020,32.98
3/12/2020,31.5
3/13/2020,31.73
3/16/2020,28.7
3/17/2020,26.95
3/18/2020,20.37
3/19/2020,25.22
3/20/2020,22.43
3/23/2020,23.36
3/24/2020,24.01
3/25/2020,24.49
3/26/2020,22.6
3/27/2020,21.51
3/30/2020,20.09
3/31/2020,20.48
4/1/2020,20.31
4/2/2020,25.32
4/3/2020,28.34
4/6/2020,26.08
4/7/2020,23.63
4/8/2020,25.09
4/9/2020,22.76
4/13/2020,22.41
4/14/2020,20.11
4/15/2020,19.87
4/16/2020,19.87
4/17/2020,18.27
4/20/2020,-37.63
4/21/2020,10.01
4/22/2020,13.78
4/23/2020,16.5
4/24/2020,16.94
4/27/2020,12.78
4/28/2020,12.34
4/29/2020,15.06
4/30/2020,18.84
5/1/2020,19.78
5/4/2020,20.39
5/5/2020,24.56
5/6/2020,23.99
5/7/2020,23.55
5/8/2020,24.74
5/11/2020,24.14
5/12/2020,25.78
5/13/2020,25.29
5/14/2020,27.56
5/15/2020,29.43
5/18/2020,31.82
5/19/2020,32.5
5/20/2020,33.49
5/21/2020,33.92
5/22/2020,33.25
5/24/2020,32.9
5/25/2020,33.92
5/26/2020,34.35
5/27/2020,32.81
5/28/2020,33.71
5/29/2020,35.49
6/1/2020,35.44
6/2/2020,36.81
6/3/2020,37.29
6/4/2020,37.41
6/5/2020,39.55
6/8/2020,38.19
6/9/2020,38.94
6/10/2020,39.6
6/11/2020,36.34
6/12/2020,36.26
6/15/2020,37.12
6/16/2020,38.38
6/17/2020,37.96
6/18/2020,38.84
6/19/2020,39.75
6/22/2020,40.46
6/23/2020,40.37
6/24/2020,38.01
6/25/2020,38.72
6/26/2020,38.49
6/29/2020,39.7
6/30/2020,39.27
7/1/2020,39.82
7/2/2020,40.65
7/3/2020,40.28
7/6/2020,40.63
7/7/2020,40.62
7/8/2020,40.9
7/9/2020,39.62
7/10/2020,40.55
7/13/2020,40.1
7/14/2020,40.29
7/15/2020,41.2
7/16/2020,40.75
7/17/2020,40.59
7/20/2020,40.81
7/21/2020,41.96
7/22/2020,41.9
7/23/2020,41.07
7/24/2020,41.29
7/27/2020,41.6
7/28/2020,41.04
7/29/2020,41.27
7/30/2020,39.92
7/31/2020,40.27
8/3/2020,41.01
8/4/2020,41.7
8/5/2020,42.19
8/6/2020,41.95
8/7/2020,41.22
8/10/2020,41.94
8/11/2020,41.61
8/12/2020,42.67
8/13/2020,42.24
8/14/2020,42.01
8/17/2020,42.89
8/18/2020,42.89
8/19/2020,42.93
8/20/2020,42.58
8/21/2020,42.34
8/24/2020,42.62
8/25/2020,43.35
8/26/2020,43.39
8/27/2020,43.04
8/28/2020,42.97
8/31/2020,42.61
9/1/2020,42.76
9/2/2020,41.51
9/3/2020,41.37
9/4/2020,39.77
9/6/2020,38.75
9/7/2020,39.2
9/8/2020,36.76
9/9/2020,38.05
9/10/2020,37.3
9/11/2020,37.33
9/14/2020,37.26
9/15/2020,38.28
9/16/2020,40.16
9/17/2020,40.97
9/18/2020,41.11
9/21/2020,39.31
9/22/2020,39.6
9/23/2020,39.93
9/24/2020,40.31
9/25/2020,40.25
9/28/2020,40.6
9/29/2020,39.29
9/30/2020,40.22
10/1/2020,38.72
10/2/2020,37.05
10/5/2020,39.22
10/6/2020,40.67
10/7/2020,39.95
10/8/2020,41.19
10/9/2020,40.6
10/12/2020,39.43
10/13/2020,40.2
10/14/2020,41.04
10/15/2020,40.96
10/16/2020,40.88
10/19/2020,40.83
10/20/2020,41.46
10/21/2020,40.03
10/22/2020,40.64
10/23/2020,39.85
10/26/2020,38.56
10/27/2020,39.57
10/28/2020,37.39
10/29/2020,36.17
10/30/2020,35.79
11/2/2020,36.81
11/3/2020,37.66
11/4/2020,39.15
11/5/2020,38.79
11/6/2020,37.14
11/9/2020,40.29
11/10/2020,41.36
11/11/2020,41.45
11/12/2020,41.12
11/13/2020,40.13
11/16/2020,41.34
11/17/2020,41.43
11/18/2020,41.82
11/19/2020,41.74
11/20/2020,42.15
11/23/2020,43.06
11/24/2020,44.91
11/25/2020,45.71
11/26/2020,44.98
11/27/2020,45.53
11/30/2020,45.34
12/1/2020,44.55
12/2/2020,45.28
12/3/2020,45.64
12/4/2020,46.26
12/7/2020,45.76
12/8/2020,45.6
12/9/2020,45.52
12/10/2020,46.78
12/11/2020,46.57
12/14/2020,46.99
12/15/2020,47.62
12/16/2020,47.82
12/17/2020,48.36
12/18/2020,49.1
12/21/2020,47.74
12/22/2020,47.02
12/23/2020,48.12
12/24/2020,48.23
12/28/2020,47.62
12/29/2020,48
12/30/2020,48.4
12/31/2020,48.52
1/4/2021,47.62
1/5/2021,49.93
1/6/2021,50.63
1/7/2021,50.83
1/8/2021,52.24
1/11/2021,52.25
1/12/2021,53.21
1/13/2021,52.91
1/14/2021,53.57
1/15/2021,52.36
1/17/2021,52.2
1/18/2021,52.36
1/19/2021,52.98
1/20/2021,53.24
1/21/2021,53.13
1/22/2021,52.27
1/25/2021,52.77
1/26/2021,52.61
1/27/2021,52.85
1/28/2021,52.34
1/29/2021,52.2
2/1/2021,53.55
2/2/2021,54.76
2/3/2021,55.69
2/4/2021,56.23
2/5/2021,56.85
2/8/2021,57.97
2/9/2021,58.36
2/10/2021,58.68
2/11/2021,58.24
2/12/2021,59.47
2/14/2021,60.37
2/15/2021,60.09
2/16/2021,60.05
2/17/2021,61.14
2/18/2021,60.52
2/19/2021,59.24
2/22/2021,61.49
2/23/2021,61.67
2/24/2021,63.22
2/25/2021,63.53
2/26/2021,61.5
3/1/2021,60.64
3/2/2021,59.75
3/3/2021,61.28
3/4/2021,63.83
3/5/2021,66.09
3/8/2021,65.05
3/9/2021,64.01
3/10/2021,64.44
3/11/2021,66.02
3/12/2021,65.61
3/15/2021,65.39
3/16/2021,64.8
3/17/2021,64.6
3/18/2021,60
3/19/2021,61.42
3/22/2021,61.55
3/23/2021,57.76
3/24/2021,61.18
3/25/2021,58.56
3/26/2021,60.97
3/29/2021,61.56
3/30/2021,60.55
3/31/2021,59.16
4/1/2021,61.45
4/5/2021,58.65
4/6/2021,59.33
4/7/2021,59.77
4/8/2021,59.6
4/9/2021,59.32
4/12/2021,59.7
4/13/2021,60.18
4/14/2021,63.15
4/15/2021,63.46
4/16/2021,63.13
4/19/2021,63.38
4/20/2021,62.44
4/21/2021,61.35
4/22/2021,61.43
4/23/2021,62.14
4/26/2021,61.91
4/27/2021,62.94
4/28/2021,63.86
4/29/2021,65.01
4/30/2021,63.58
5/3/2021,64.49
5/4/2021,65.69
5/5/2021,65.63
5/6/2021,64.71
5/7/2021,64.9
5/10/2021,64.92
5/11/2021,65.28
5/12/2021,66.08
5/13/2021,63.82
5/14/2021,65.37
5/17/2021,66.27
5/18/2021,65.49
5/19/2021,63.36
5/20/2021,62.05
5/21/2021,63.58
5/24/2021,66.05
5/25/2021,66.07
5/26/2021,66.21
5/27/2021,66.85
5/28/2021,66.32
5/30/2021,66.59
5/31/2021,66.96
6/1/2021,67.72
6/2/2021,68.83
6/3/2021,68.81
6/4/2021,69.62
6/7/2021,69.23
6/8/2021,70.05
6/9/2021,69.96
6/10/2021,70.29
6/11/2021,70.91
6/14/2021,70.88
6/15/2021,72.12
6/16/2021,72.15
6/17/2021,71.04
6/18/2021,71.64
6/21/2021,73.66
6/22/2021,73.06
6/23/2021,73.08
6/24/2021,73.3
6/25/2021,74.05
6/28/2021,72.91
6/29/2021,72.98
6/30/2021,73.47
7/1/2021,75.23
7/2/2021,75.16
7/4/2021,75.14
7/5/2021,76.25
7/6/2021,73.37
7/7/2021,72.2
7/8/2021,72.94
7/9/2021,74.56
7/12/2021,74.1
7/13/2021,75.25
7/14/2021,73.13
7/15/2021,71.65
7/16/2021,71.81
7/19/2021,66.42
7/20/2021,67.42
7/21/2021,70.3
7/22/2021,71.91
7/23/2021,72.07
7/26/2021,71.91
7/27/2021,71.65
7/28/2021,72.39
7/29/2021,73.62
7/30/2021,73.95
8/2/2021,71.26
8/3/2021,70.56
8/4/2021,68.15
8/5/2021,69.09
8/6/2021,68.28
8/9/2021,66.48
8/10/2021,68.29
8/11/2021,69.25
8/12/2021,69.09
8/13/2021,68.44
8/16/2021,67.29
8/17/2021,66.59
8/18/2021,65.46
8/19/2021,63.69
8/20/2021,62.32
8/23/2021,65.64
8/24/2021,67.54
8/25/2021,68.36
8/26/2021,67.42
8/27/2021,68.74
8/30/2021,69.21
8/31/2021,68.5
9/1/2021,68.59
9/2/2021,69.99
9/3/2021,69.29
9/5/2021,68.75
9/6/2021,68.8
9/7/2021,68.35
9/8/2021,69.3
9/9/2021,68.14
9/10/2021,69.72
9/13/2021,70.45
9/14/2021,70.46
9/15/2021,72.61
9/16/2021,72.61
9/17/2021,71.97
9/20/2021,70.29
9/21/2021,70.56
9/22/2021,72.23
9/23/2021,73.3
9/24/2021,73.98
9/27/2021,75.45
9/28/2021,75.29
9/29/2021,74.83
9/30/2021,75.03
10/1/2021,75.88
10/4/2021,77.62
10/5/2021,78.93
10/6/2021,77.43
10/7/2021,78.3
10/8/2021,79.35
10/11/2021,80.52
10/12/2021,80.64
10/13/2021,80.44
10/14/2021,81.31
10/15/2021,82.28
10/18/2021,82.44
10/19/2021,82.96
10/20/2021,83.87
10/21/2021,82.5
10/22/2021,83.76
10/25/2021,83.76
10/26/2021,84.65
10/27/2021,82.66
10/28/2021,82.81
10/29/2021,83.57
11/1/2021,84.05
11/2/2021,83.91
11/3/2021,80.86
11/4/2021,78.81
11/5/2021,81.27
11/8/2021,81.93
11/9/2021,84.15
11/10/2021,81.34
11/11/2021,81.59
11/12/2021,80.79
11/15/2021,80.88
11/16/2021,80.76
11/17/2021,78.36
11/18/2021,79.01
11/19/2021,76.1
11/22/2021,76.75
11/23/2021,78.5
11/24/2021,78.39
11/25/2021,77.41
11/26/2021,68.15
11/29/2021,69.95
11/30/2021,66.18
12/1/2021,65.57
12/2/2021,66.5
12/3/2021,66.26
12/6/2021,69.49
12/7/2021,72.05
12/8/2021,72.36
12/9/2021,70.94
12/10/2021,71.67
12/13/2021,71.29
12/14/2021,70.73
12/15/2021,70.87
12/16/2021,72.38
12/17/2021,70.86
12/20/2021,68.23
12/21/2021,71.12
12/22/2021,72.76
12/23/2021,73.79
12/27/2021,75.57
12/28/2021,75.98
12/29/2021,76.56
12/30/2021,76.99
12/31/2021,75.21
1/3/2022,76.08
1/4/2022,76.99
1/5/2022,77.85
1/6/2022,79.46
1/7/2022,78.9
1/10/2022,78.23
1/11/2022,81.22
1/12/2022,82.64
1/13/2022,82.12
1/14/2022,83.82
1/16/2022,83.83
1/17/2022,83.69
1/18/2022,85.43
1/19/2022,86.96
1/20/2022,86.9
1/21/2022,85.14
1/24/2022,83.31
1/25/2022,85.6
1/26/2022,87.35
1/27/2022,86.61
1/28/2022,86.82
1/31/2022,88.15
2/1/2022,88.2
2/2/2022,88.26
2/3/2022,90.27
2/4/2022,92.31
2/7/2022,91.32
2/8/2022,89.36
2/9/2022,89.66
2/10/2022,89.88
2/11/2022,93.1
2/14/2022,95.46
2/15/2022,92.07
2/16/2022,93.66
2/17/2022,91.76
2/18/2022,91.07
2/20/2022,91.62
2/21/2022,92.65
2/22/2022,92.35
2/23/2022,92.1
2/24/2022,92.81
2/25/2022,91.59
2/28/2022,95.72
3/1/2022,103.41
3/2/2022,110.6
3/3/2022,107.67
3/4/2022,115.68
3/7/2022,119.4
3/8/2022,123.7
3/9/2022,108.7
3/10/2022,106.02
3/11/2022,109.33
3/14/2022,103.01
3/15/2022,96.44
3/16/2022,95.04
3/17/2022,102.98
3/18/2022,104.7
3/21/2022,112.12
3/22/2022,111.76
3/23/2022,114.93
3/24/2022,112.34
3/25/2022,113.9
3/28/2022,105.96
3/29/2022,104.24
3/30/2022,107.82
3/31/2022,100.28
4/1/2022,99.27
4/4/2022,103.28
4/5/2022,101.96
4/6/2022,96.23
4/7/2022,96.03
4/8/2022,98.26
4/11/2022,94.29
4/12/2022,100.6
4/13/2022,104.25
4/14/2022,106.95
4/18/2022,108.21
4/19/2022,102.56
4/20/2022,102.75
4/21/2022,103.79
4/22/2022,102.07
4/25/2022,98.54
4/26/2022,101.7
4/27/2022,102.02
4/28/2022,105.36
4/29/2022,104.69
5/2/2022,105.17
5/3/2022,102.41
5/4/2022,107.81
5/5/2022,108.26
5/6/2022,109.77
5/9/2022,103.09
5/10/2022,99.76
5/11/2022,105.71
5/12/2022,106.13
5/13/2022,110.49
5/16/2022,114.2
5/17/2022,112.4
5/18/2022,109.59
5/19/2022,112.21
5/20/2022,113.23
5/23/2022,110.29
5/24/2022,109.77
5/25/2022,110.33
5/26/2022,114.09
5/27/2022,115.07
5/29/2022,115.61
5/30/2022,117.61
5/31/2022,114.67
6/1/2022,115.26
6/2/2022,116.87
6/3/2022,118.87
6/6/2022,118.5
6/7/2022,119.41
6/8/2022,122.11
6/9/2022,121.51
6/10/2022,120.67
6/13/2022,120.93
6/14/2022,118.93
6/15/2022,115.31
6/16/2022,117.59
6/17/2022,109.56
6/19/2022,108.94
6/20/2022,108.84
6/21/2022,110.65
6/22/2022,106.19
6/23/2022,104.27
6/24/2022,107.62
6/27/2022,109.57
6/28/2022,111.76
6/29/2022,109.78
6/30/2022,105.76
7/1/2022,108.43
7/3/2022,108.19
7/4/2022,110.4
7/5/2022,99.5
7/6/2022,98.53
7/7/2022,102.73
7/8/2022,104.79
7/11/2022,104.09
7/12/2022,95.84
7/13/2022,96.3
7/14/2022,95.78
7/15/2022,97.59
7/18/2022,102.6
7/19/2022,104.22
7/20/2022,102.26
7/21/2022,96.35
7/22/2022,94.7
7/25/2022,96.7
7/26/2022,94.98
7/27/2022,97.26
7/28/2022,96.42
7/29/2022,98.62
8/1/2022,93.89
8/2/2022,94.42
8/3/2022,90.66
8/4/2022,88.54
8/5/2022,89.01
8/8/2022,90.76
8/9/2022,90.5
8/10/2022,91.93
8/11/2022,94.34
8/12/2022,92.09
8/15/2022,89.41
8/16/2022,86.53
8/17/2022,88.11
8/18/2022,90.5
8/19/2022,90.77
8/22/2022,90.23
8/23/2022,93.74
8/24/2022,94.89
8/25/2022,92.52
8/26/2022,93.06
8/29/2022,97.01
8/30/2022,91.64
8/31/2022,89.55
9/1/2022,86.61
9/2/2022,86.87
9/4/2022,88.25
9/5/2022,88.96
9/6/2022,86.88
9/7/2022,81.94
9/8/2022,83.54
9/9/2022,86.79
9/12/2022,87.78
9/13/2022,87.31
9/14/2022,88.48
9/15/2022,85.1
9/16/2022,85.11
9/19/2022,85.73
9/20/2022,84.45
9/21/2022,82.94
9/22/2022,83.49
9/23/2022,78.74
9/26/2022,76.71
9/27/2022,78.5
9/28/2022,82.15
9/29/2022,81.23
9/30/2022,79.49
10/3/2022,83.63
10/4/2022,86.52
10/5/2022,87.76
10/6/2022,88.45
10/7/2022,92.64
10/10/2022,91.13
10/11/2022,89.35
10/12/2022,87.27
10/13/2022,89.11
10/14/2022,85.61
10/17/2022,85.46
10/18/2022,82.82
10/19/2022,85.55
10/20/2022,85.98
10/21/2022,85.05
10/24/2022,84.58
10/25/2022,85.32
10/26/2022,87.91
10/27/2022,89.08
10/28/2022,87.9
10/31/2022,86.53
11/1/2022,88.37
11/2/2022,90
11/3/2022,88.17
11/4/2022,92.61
11/7/2022,91.79
11/8/2022,88.91
11/9/2022,85.83
11/10/2022,86.47
11/11/2022,88.96
11/14/2022,85.87
11/15/2022,86.92
11/16/2022,85.59
11/17/2022,81.64
11/18/2022,80.08
11/21/2022,79.73
11/22/2022,80.95
11/23/2022,77.94
11/24/2022,77.95
11/25/2022,76.28
11/28/2022,77.24
11/29/2022,78.2
11/30/2022,80.56
12/1/2022,81.33
12/2/2022,80.3
12/4/2022,81.15
12/5/2022,77.4
12/6/2022,74.47
12/7/2022,72.58
12/8/2022,72.06
12/9/2022,71.5
12/11/2022,71.9
12/12/2022,73.44
12/13/2022,75.19
12/14/2022,77.27
12/15/2022,76.25
12/16/2022,74.45
12/19/2022,75.89
12/20/2022,76.23
12/21/2022,78.24
12/22/2022,78.45
12/23/2022,79.34
12/26/2022,80.97
12/27/2022,79.77
12/28/2022,78.6
12/29/2022,78.61
12/30/2022,80.47
1/2/2023,80.47
1/3/2023,77.12
1/4/2023,73.1
1/5/2023,73.92
1/6/2023,74.04
1/9/2023,74.92
1/10/2023,75.37
1/11/2023,77.68
1/12/2023,78.65
1/13/2023,80.11
1/15/2023,79.78
1/16/2023,79.04
1/17/2023,80.45
1/18/2023,79.8
1/19/2023,80.61
1/20/2023,81.64
1/23/2023,81.62
1/24/2023,80.13
1/25/2023,80.15
1/26/2023,81.01
1/27/2023,79.68
1/30/2023,77.9
1/31/2023,78.87
2/1/2023,76.41
2/2/2023,75.88
2/3/2023,73.39
2/6/2023,74.11
2/7/2023,77.14
2/8/2023,78.47
2/9/2023,78.06
2/10/2023,79.72
2/13/2023,80.14
2/14/2023,79.06
2/15/2023,78.59
2/16/2023,78.49
2/17/2023,76.34
2/19/2023,76.67
2/20/2023,77.3
2/21/2023,76.16
2/22/2023,73.95
2/23/2023,75.39
2/24/2023,76.32
2/27/2023,75.68
2/28/2023,77.05
3/1/2023,77.69
3/2/2023,78.16
3/3/2023,79.68
3/6/2023,80.46
3/7/2023,77.58
3/8/2023,76.66
3/9/2023,75.72
3/10/2023,76.68
3/13/2023,74.8
3/14/2023,71.33
3/15/2023,67.61
3/16/2023,68.35
3/17/2023,66.74
3/20/2023,67.64
3/21/2023,69.33
3/22/2023,70.9
3/23/2023,69.96
3/24/2023,69.26
3/27/2023,72.81
3/28/2023,73.2
3/29/2023,72.97
3/30/2023,74.37
3/31/2023,75.67
4/3/2023,80.42
4/4/2023,80.71
4/5/2023,80.61
4/6/2023,80.7
4/10/2023,79.74
4/11/2023,81.53
4/12/2023,83.26
4/13/2023,82.16
4/14/2023,82.52
4/17/2023,80.83
4/18/2023,80.86
4/19/2023,79.16
4/20/2023,77.29
4/21/2023,77.87
4/24/2023,78.76
4/25/2023,77.07
4/26/2023,74.3
4/27/2023,74.76
4/28/2023,76.78
5/1/2023,75.66
5/2/2023,71.66
5/3/2023,68.6
5/4/2023,68.56
5/5/2023,71.34
5/8/2023,73.16
5/9/2023,73.71
5/10/2023,72.56
5/11/2023,70.87
5/12/2023,70.04
5/15/2023,71.11
5/16/2023,70.86
5/17/2023,72.83
5/18/2023,71.86
5/19/2023,71.55
5/22/2023,71.99
5/23/2023,72.91
5/24/2023,74.34
5/25/2023,71.83
5/26/2023,72.67
5/28/2023,73.22
5/29/2023,72.87
5/30/2023,69.46
5/31/2023,68.09
6/1/2023,70.1
6/2/2023,71.74
6/5/2023,72.15
6/6/2023,71.74
6/7/2023,72.53
6/8/2023,71.29
6/9/2023,70.17
6/12/2023,67.12
6/13/2023,69.42
6/14/2023,68.27
6/15/2023,70.62
6/16/2023,71.78
6/18/2023,71.47
6/19/2023,71.31
6/20/2023,70.5
6/21/2023,72.53
6/22/2023,69.51
6/23/2023,69.16
6/26/2023,69.37
6/27/2023,67.7
6/28/2023,69.56
6/29/2023,69.86
6/30/2023,70.64
7/3/2023,69.79
7/4/2023,71.06
7/5/2023,71.79
7/6/2023,71.8
7/7/2023,73.86
7/10/2023,72.99
7/11/2023,74.83
7/12/2023,75.75
7/13/2023,76.89
7/14/2023,75.42
7/17/2023,74.15
7/18/2023,75.75
7/19/2023,75.35
7/20/2023,75.63
7/21/2023,77.07
7/24/2023,78.74
7/25/2023,79.63
7/26/2023,78.78
7/27/2023,80.09
7/28/2023,80.58
7/31/2023,81.8
8/1/2023,81.37
8/2/2023,79.49
8/3/2023,81.55
8/4/2023,82.82
8/7/2023,81.94
8/8/2023,82.92
8/9/2023,84.4
8/10/2023,82.82
8/11/2023,83.19
8/14/2023,82.51
8/15/2023,80.99
8/16/2023,79.38
8/17/2023,80.39
8/18/2023,81.25
8/21/2023,80.72
8/22/2023,80.35
8/23/2023,78.89
8/24/2023,79.05
8/25/2023,79.83
8/28/2023,80.1
8/29/2023,81.16
8/30/2023,81.63
8/31/2023,83.63
9/1/2023,85.55
9/3/2023,85.85
9/4/2023,85.82
9/5/2023,86.69
9/6/2023,87.54
9/7/2023,86.87
9/8/2023,87.51
9/11/2023,87.29
9/12/2023,88.84
9/13/2023,88.52
9/14/2023,90.16
9/15/2023,90.77
9/18/2023,91.48
9/19/2023,91.2
9/20/2023,90.28
9/21/2023,89.63
9/22/2023,90.03
9/25/2023,89.68
9/26/2023,90.39
9/27/2023,93.68
9/28/2023,91.71
9/29/2023,90.79
10/2/2023,88.82
10/3/2023,89.23
10/4/2023,84.22
10/5/2023,82.31
10/6/2023,82.79
10/9/2023,86.38
10/10/2023,85.97
10/11/2023,83.49
10/12/2023,83.47
10/13/2023,87.69
10/16/2023,85.26
10/17/2023,85.44
10/18/2023,87.27
10/19/2023,87
